Date,Open,High,Low,Close,Adj Close,Volume
2019-01-02,23172.699219,23194.0,23158.5,23194.0,23194.0,0.0
2019-01-03,23194.0,23194.0,23159.5,23194.0,23194.0,0.0
2019-01-04,23194.0,23194.0,23160.5,23194.0,23194.0,0.0
2019-01-07,22854.099609,23194.0,22831.699219,23194.0,23194.0,0.0
2019-01-08,22795.0,23194.0,22795.0,23194.0,23194.0,0.0
2019-01-09,22869.300781,23194.0,22869.300781,23194.0,23194.0,0.0
2019-01-10,22653.099609,23169.599609,22653.099609,23194.0,23194.0,0.0
2019-01-11,23194.0,23194.0,22849.900391,23194.0,23194.0,0.0
2019-01-14,22990.599609,23194.0,22850.300781,23194.0,23194.0,0.0
2019-01-15,23164.5,23194.0,22863.5,23194.0,23194.0,0.0
2019-01-16,22895.099609,23194.0,22842.900391,23194.0,23194.0,0.0
2019-01-17,22807.400391,23194.0,22807.400391,23194.0,23194.0,0.0
2019-01-18,22859.0,23194.0,22855.0,23194.0,23194.0,0.0
2019-01-21,22910.800781,23194.0,22858.5,23194.0,23194.0,0.0
2019-01-22,22848.400391,23194.0,22847.300781,23194.0,23194.0,0.0
2019-01-23,22833.400391,23194.0,22833.400391,23194.0,23194.0,0.0
2019-01-24,22800.199219,23194.0,22800.199219,23194.0,23194.0,0.0
2019-01-25,23162.0,23194.0,22841.400391,23194.0,23194.0,0.0
2019-01-28,22710.199219,23194.0,22710.199219,22733.199219,22733.199219,0.0
2019-01-29,22804.900391,23194.0,22804.900391,23194.0,23194.0,0.0
2019-01-30,22850.699219,23194.0,22846.400391,23194.0,23194.0,0.0
2019-01-31,23203.0,23203.0,23164.099609,23194.0,23194.0,0.0
2019-02-01,22928.800781,23203.0,22864.699219,23203.0,23203.0,0.0
2019-02-11,22882.900391,23203.0,22882.900391,22862.699219,22862.699219,0.0
2019-02-12,22935.699219,23203.0,22850.199219,23203.0,23203.0,0.0
2019-02-13,23175.0,23203.0,23162.5,23203.0,23203.0,0.0
2019-02-14,22977.300781,23203.0,22852.699219,23203.0,23203.0,0.0
2019-02-15,22799.400391,23203.0,22799.400391,23203.0,23203.0,0.0
2019-02-18,22785.5,23203.0,22785.5,23203.0,23203.0,0.0
2019-02-19,22897.199219,23203.0,22853.0,23203.0,23203.0,0.0
2019-02-20,22710.599609,23203.0,22710.599609,23203.0,23203.0,0.0
2019-02-21,22832.300781,23203.0,22832.300781,23203.0,23203.0,0.0
2019-02-22,23179.0,23203.0,23145.0,23203.0,23203.0,0.0
2019-02-25,22840.0,23203.0,22840.0,22851.5,22851.5,0.0
2019-02-26,22870.0,23203.0,22851.0,23203.0,23203.0,0.0
2019-02-27,23203.0,23203.0,23160.599609,23203.0,23203.0,0.0
2019-02-28,23198.0,23198.0,23135.099609,23198.0,23198.0,0.0
2019-03-01,22943.800781,23168.0,22943.800781,23198.0,23198.0,0.0
2019-03-04,22882.400391,23198.0,22882.400391,23198.0,23198.0,0.0
2019-03-05,22844.099609,23170.0,22844.099609,23198.0,23198.0,0.0
2019-03-06,23165.5,23165.699219,23159.199219,23198.0,23198.0,0.0
2019-03-07,22826.5,23170.0,22826.5,23198.0,23198.0,0.0
2019-03-08,23084.300781,23198.0,23084.300781,23198.0,23198.0,0.0
2019-03-11,22818.199219,23198.0,22818.199219,22793.699219,22793.699219,0.0
2019-03-12,22810.599609,23198.0,22810.599609,23198.0,23198.0,0.0
2019-03-13,22772.5,23198.0,22772.5,23198.0,23198.0,0.0
2019-03-14,22794.300781,23198.0,22794.300781,23198.0,23198.0,0.0
2019-03-15,22836.599609,23167.900391,22836.599609,23198.0,23198.0,0.0
2019-03-18,22841.099609,23198.0,22841.099609,23198.0,23198.0,0.0
2019-03-19,22890.099609,23198.0,22890.099609,23198.0,23198.0,0.0
2019-03-20,22873.900391,23175.0,22873.900391,23198.0,23198.0,0.0
2019-03-21,22709.599609,23182.5,22709.599609,23198.0,23198.0,0.0
2019-03-22,22894.099609,23198.0,22848.099609,23198.0,23198.0,0.0
2019-03-25,22861.0,23198.0,22861.0,22803.800781,22803.800781,0.0
2019-03-26,22828.900391,23198.0,22828.900391,23198.0,23198.0,0.0
2019-03-27,22938.5,23198.0,22938.5,23198.0,23198.0,0.0
2019-03-28,22909.099609,23198.0,22846.0,23198.0,23198.0,0.0
2019-03-29,23198.0,23198.0,22829.0,23198.0,23198.0,0.0
2019-04-01,22861.300781,23198.0,22845.900391,23198.0,23198.0,0.0
2019-04-02,22899.699219,23198.0,22839.900391,23198.0,23198.0,0.0
2019-04-03,22835.0,23198.0,22835.0,23198.0,23198.0,0.0
2019-04-04,22841.199219,23198.0,22841.199219,23198.0,23198.0,0.0
2019-04-05,22854.300781,23198.0,22854.300781,23198.0,23198.0,0.0
2019-04-08,22864.199219,23198.0,22864.199219,23198.0,23198.0,0.0
2019-04-09,22818.300781,23198.0,22818.300781,23198.0,23198.0,0.0
2019-04-10,22869.699219,23198.0,22869.699219,23198.0,23198.0,0.0
2019-04-11,22845.0,23198.0,22845.0,23198.0,23198.0,0.0
2019-04-12,22891.099609,23198.0,22835.900391,23198.0,23198.0,0.0
2019-04-16,22857.300781,23167.5,22848.5,23164.5,23164.5,0.0
2019-04-17,22878.099609,23163.5,22851.199219,23167.5,23167.5,0.0
2019-04-18,22869.699219,23172.0,22869.699219,23163.5,23163.5,0.0
2019-04-19,22884.400391,23177.5,22884.400391,23168.5,23168.5,0.0
2019-04-22,22868.400391,22868.400391,22868.400391,23177.5,23177.5,0.0
2019-04-23,22838.900391,23182.5,22838.900391,22868.400391,22868.400391,0.0
2019-04-24,22920.5,23182.800781,22920.5,23182.5,23182.5,0.0
2019-04-25,22974.300781,23185.0,22867.5,23182.800781,23182.800781,0.0
2019-04-26,22854.699219,23260.300781,22854.699219,23185.0,23185.0,0.0
2019-05-02,22954.0,23235.0,22903.699219,23243.800781,23243.800781,0.0
2019-05-03,22970.400391,23222.5,22895.099609,23235.0,23235.0,0.0
2019-05-06,22827.0,23246.5,22827.0,23217.5,23217.5,0.0
2019-05-07,22917.599609,23260.0,22917.599609,23246.5,23246.5,0.0
2019-05-08,22955.199219,23332.5,22955.199219,23260.0,23260.0,0.0
2019-05-09,23023.0,23365.0,23023.0,23332.5,23332.5,0.0
2019-05-10,22986.699219,23312.5,22986.699219,23365.0,23365.0,0.0
2019-05-13,22990.599609,23294.0,22974.5,23312.5,23312.5,0.0
2019-05-14,22978.099609,23345.0,22978.099609,23294.0,23294.0,0.0
2019-05-15,23075.400391,23290.0,22970.300781,23345.0,23345.0,0.0
2019-05-16,22943.900391,23275.0,22943.900391,23290.0,23290.0,0.0
2019-05-17,23019.699219,23357.5,23019.699219,23272.699219,23272.699219,0.0
2019-05-20,23039.900391,23372.5,23039.900391,23357.5,23357.5,0.0
2019-05-21,23021.800781,23356.5,23021.800781,23372.5,23372.5,0.0
2019-05-22,,,,,,
2019-05-23,23046.300781,23354.0,23030.699219,23048.599609,23048.599609,0.0
2019-05-24,22931.099609,23356.300781,22931.099609,23354.0,23354.0,0.0
2019-05-27,22989.300781,23355.0,22989.300781,22990.199219,22990.199219,0.0
2019-05-28,23028.699219,23360.0,23028.699219,23355.0,23355.0,0.0
2019-05-29,23080.599609,23375.0,23062.099609,23087.199219,23087.199219,0.0
2019-05-30,23092.300781,23385.0,23056.900391,23367.5,23367.5,0.0
2019-05-31,23074.300781,23377.5,23060.900391,23382.699219,23382.699219,0.0
2019-06-03,22997.300781,23359.5,22997.300781,22945.900391,22945.900391,0.0
2019-06-04,22910.599609,23370.0,22910.599609,23359.5,23359.5,0.0
2019-06-05,23054.5,23379.099609,23054.5,23362.5,23362.5,0.0
2019-06-06,23124.199219,23376.0,23124.199219,23375.0,23375.0,0.0
2019-06-07,22962.800781,23365.0,22962.800781,23368.0,23368.0,0.0
2019-06-10,22929.099609,23330.0,22929.099609,23362.0,23362.0,0.0
2019-06-11,22989.800781,23365.0,22989.800781,23330.0,23330.0,0.0
2019-06-12,22957.0,23285.900391,22957.0,23330.0,23330.0,0.0
2019-06-13,23023.099609,23285.0,22959.099609,23285.5,23285.5,0.0
2019-06-14,22981.5,23300.0,22981.5,23285.0,23285.0,0.0
2019-06-17,23078.699219,23315.0,22993.599609,23034.5,23034.5,0.0
2019-06-18,22984.0,23310.0,22984.0,23315.0,23315.0,0.0
2019-06-19,22985.0,23300.0,22985.0,23301.0,23301.0,0.0
2019-06-20,22901.099609,23267.5,22901.099609,23300.0,23300.0,0.0
2019-06-21,22964.800781,23255.0,22938.400391,23265.0,23265.0,0.0
2019-06-24,22786.300781,23265.0,22778.199219,22876.5,22876.5,0.0
2019-06-25,22922.099609,23272.599609,22908.199219,23262.5,23262.5,0.0
2019-06-26,22979.900391,23275.0,22954.900391,23272.599609,23272.599609,0.0
2019-06-27,22939.300781,23280.0,22939.300781,23270.0,23270.0,0.0
2019-06-28,22975.599609,23285.0,22975.599609,23280.0,23280.0,0.0
2019-07-01,22997.900391,23225.0,22880.199219,23275.0,23275.0,0.0
2019-07-02,23008.900391,23205.0,22909.900391,22997.599609,22997.599609,0.0
2019-07-03,22903.0,23215.0,22895.199219,22901.300781,22901.300781,0.0
2019-07-04,22918.5,23215.0,22898.699219,23215.0,23215.0,0.0
2019-07-05,22896.699219,23202.5,22883.0,23215.0,23215.0,0.0
2019-07-08,22953.5,23202.5,22889.5,23202.5,23202.5,0.0
2019-07-09,22889.400391,23202.5,22874.199219,23202.5,23202.5,0.0
2019-07-10,22869.099609,23202.5,22862.699219,23202.5,23202.5,0.0
2019-07-11,22778.400391,23202.5,22778.400391,23202.5,23202.5,0.0
2019-07-12,22892.0,23202.5,22845.800781,23202.5,23202.5,0.0
2019-07-15,22822.099609,23166.5,22822.099609,23202.5,23202.5,0.0
2019-07-16,22881.099609,23166.0,22848.400391,23166.5,23166.5,0.0
2019-07-17,22867.300781,23167.5,22849.099609,23166.0,23166.0,0.0
2019-07-18,22828.300781,23183.5,22828.300781,23167.5,23167.5,0.0
2019-07-19,22762.599609,23212.0,22762.599609,23179.800781,23179.800781,0.0
2019-07-22,22933.300781,23205.0,22933.300781,22901.099609,22901.099609,0.0
2019-07-23,22890.800781,23180.0,22890.800781,23192.5,23192.5,0.0
2019-07-24,22914.900391,23189.900391,22914.900391,23175.0,23175.0,0.0
2019-07-25,22885.900391,23177.0,22885.900391,23175.0,23175.0,0.0
2019-07-26,22841.5,23176.5,22841.5,23175.099609,23175.099609,0.0
2019-07-29,22855.199219,23207.0,22855.199219,23176.5,23176.5,0.0
2019-07-30,22813.599609,23207.0,22813.599609,23207.0,23207.0,0.0
2019-07-31,22822.400391,23207.0,22822.400391,23207.0,23207.0,0.0
2019-08-01,23028.599609,23207.0,22847.099609,23207.0,23207.0,0.0
2019-08-02,22748.099609,23207.0,22748.099609,23207.0,23207.0,0.0
2019-08-05,22836.800781,23234.0,22836.800781,23207.0,23207.0,0.0
2019-08-06,22767.099609,23220.0,22767.099609,23207.0,23207.0,0.0
2019-08-07,22892.5,23207.0,22851.900391,23207.0,23207.0,0.0
2019-08-08,22818.900391,23207.0,22818.900391,23207.0,23207.0,0.0
2019-08-09,23207.0,23207.0,22855.900391,23207.0,23207.0,0.0
2019-08-12,22844.099609,23207.0,22844.099609,23207.0,23207.0,0.0
2019-08-13,22805.900391,23207.0,22805.900391,23207.0,23207.0,0.0
2019-08-14,22931.199219,23207.0,22841.900391,23207.0,23207.0,0.0
2019-08-15,22921.800781,23207.0,22845.900391,23207.0,23207.0,0.0
2019-08-16,22938.400391,23207.0,22844.599609,23207.0,23207.0,0.0
2019-08-19,22820.300781,23207.0,22820.300781,23207.0,23207.0,0.0
2019-08-20,22896.5,23207.0,22844.699219,23207.0,23207.0,0.0
2019-08-21,22810.900391,23207.0,22810.900391,23207.0,23207.0,0.0
2019-08-22,22863.800781,23207.0,22850.599609,23207.0,23207.0,0.0
2019-08-23,22812.900391,23207.0,22812.900391,23207.0,23207.0,0.0
2019-08-26,22656.5,23207.0,22656.5,22459.900391,22459.900391,0.0
2019-08-27,22878.900391,23207.0,22836.5,23207.0,23207.0,0.0
2019-08-28,22872.300781,23207.0,22872.300781,23207.0,23207.0,0.0
2019-08-29,22860.199219,23207.0,22860.199219,23207.0,23207.0,0.0
2019-08-30,22870.800781,23207.0,22870.800781,23207.0,23207.0,0.0
2019-09-03,22827.599609,23207.0,22827.599609,23207.0,23207.0,0.0
2019-09-04,22762.300781,23207.0,22762.300781,23207.0,23207.0,0.0
2019-09-05,22799.5,23207.0,22799.5,23207.0,23207.0,0.0
2019-09-06,22881.599609,23207.0,22848.900391,23207.0,23207.0,0.0
2019-09-09,22857.0,23207.0,22857.0,22626.5,22626.5,0.0
2019-09-10,22794.699219,23207.0,22794.699219,23207.0,23207.0,0.0
2019-09-11,22817.800781,23207.0,22817.800781,23207.0,23207.0,0.0
2019-09-12,22823.400391,23207.0,22823.400391,23207.0,23207.0,0.0
2019-09-13,22773.400391,23207.0,22773.400391,23207.0,23207.0,0.0
2019-09-16,22864.300781,23207.0,22864.300781,23207.0,23207.0,0.0
2019-09-17,22927.900391,23207.0,22927.900391,23207.0,23207.0,0.0
2019-09-18,23207.0,23207.0,22853.800781,23207.0,23207.0,0.0
2019-09-19,22879.0,23207.0,22854.800781,23207.0,23207.0,0.0
2019-09-20,22893.900391,23207.0,22893.900391,23207.0,23207.0,0.0
2019-09-23,22894.099609,23207.0,22850.0,23207.0,23207.0,0.0
2019-09-24,22819.699219,23207.0,22819.699219,23207.0,23207.0,0.0
2019-09-25,22787.300781,23207.0,22787.300781,23207.0,23207.0,0.0
2019-09-26,22931.400391,23207.0,22828.0,23207.0,23207.0,0.0
2019-09-27,22849.800781,23207.0,22839.199219,23207.0,23207.0,0.0
2019-09-30,22833.5,23207.0,22833.5,22835.099609,22835.099609,0.0
2019-10-01,22881.800781,23166.5,22787.599609,23207.0,23207.0,0.0
2019-10-02,22757.5,22839.699219,22752.300781,22764.900391,22764.900391,0.0
2019-10-03,22755.300781,23207.0,22753.300781,22756.0,22756.0,0.0
2019-10-04,22799.099609,23207.0,22799.099609,23207.0,23207.0,0.0
2019-10-07,22848.0,23207.0,22826.5,22855.199219,22855.199219,0.0
2019-10-08,22849.5,23207.0,22827.400391,23207.0,23207.0,0.0
2019-10-09,22892.599609,23207.0,22862.800781,23207.0,23207.0,0.0
2019-10-10,22856.5,23207.0,22838.099609,23207.0,23207.0,0.0
2019-10-11,23207.0,23207.0,22834.300781,23207.0,23207.0,0.0
2019-10-14,22858.619141,23207.0,22849.111328,22842.773438,22842.773438,0.0
2019-10-15,23207.0,23207.0,22845.857422,23207.0,23207.0,0.0
2019-10-16,22800.824219,23207.0,22800.824219,23207.0,23207.0,0.0
2019-10-17,22739.955078,23207.0,22739.955078,23207.0,23207.0,0.0
2019-10-18,22821.445313,23207.0,22821.445313,23207.0,23207.0,0.0
2019-10-21,22796.826172,23207.0,22796.826172,23207.0,23207.0,0.0
2019-10-22,22870.849609,23207.0,22845.423828,23207.0,23207.0,0.0
2019-10-23,22870.466797,23207.0,22842.533203,23207.0,23207.0,0.0
2019-10-24,22792.472656,23207.0,22792.472656,23207.0,23207.0,0.0
2019-10-25,22891.359375,23207.0,22841.589844,23207.0,23207.0,0.0
2019-10-28,22905.482422,23207.0,22835.751953,23207.0,23207.0,0.0
2019-10-29,22839.558594,23207.0,22836.804688,23207.0,23207.0,0.0
2019-10-30,22784.695313,23207.0,22784.695313,23207.0,23207.0,0.0
2019-10-31,22741.525391,23207.0,22741.525391,23207.0,23207.0,0.0
2019-11-01,22837.599609,23207.0,22837.599609,23207.0,23207.0,0.0
2019-11-04,22832.796875,23207.0,22832.796875,23207.0,23207.0,0.0
2019-11-05,22913.025391,23207.0,22840.847656,23207.0,23207.0,0.0
2019-11-06,22939.177734,23207.0,22838.632813,23207.0,23207.0,0.0
2019-11-07,22864.628906,23207.0,22843.730469,23207.0,23207.0,0.0
2019-11-08,23207.0,23207.0,22824.777344,23207.0,23207.0,0.0
2019-11-11,22858.751953,23207.0,22816.474609,23207.0,23207.0,0.0
2019-11-12,22822.265625,23207.0,22822.265625,23207.0,23207.0,0.0
2019-11-13,22853.898438,23207.0,22842.113281,23207.0,23207.0,0.0
2019-11-14,22839.623047,23207.0,22834.917969,23207.0,23207.0,0.0
2019-11-15,22764.603516,23207.0,22764.603516,23207.0,23207.0,0.0
2019-11-18,22789.962891,23207.0,22780.279297,22802.746094,22802.746094,0.0
2019-11-19,23207.0,23207.0,22827.923828,23207.0,23207.0,0.0
2019-11-20,22838.523438,23207.0,22836.1875,23207.0,23207.0,0.0
2019-11-21,22798.353516,23207.0,22798.353516,23207.0,23207.0,0.0
2019-11-22,23207.0,23207.0,22831.892578,23207.0,23207.0,0.0
2019-11-25,22922.205078,23207.0,22836.210938,23207.0,23207.0,0.0
2019-11-26,22848.345703,23207.0,22827.320313,23207.0,23207.0,0.0
2019-11-27,23207.0,23207.0,22844.707031,23207.0,23207.0,0.0
2019-11-28,23207.0,23207.0,22839.09375,23207.0,23207.0,0.0
2019-11-29,22820.943359,23207.0,22810.853516,23207.0,23207.0,0.0
2019-12-02,22768.212891,23207.0,22768.212891,22771.517578,22771.517578,0.0
2019-12-03,23207.0,23207.0,22678.363281,23207.0,23207.0,0.0
2019-12-04,22795.626953,23207.0,22795.626953,23207.0,23207.0,0.0
2019-12-05,22783.074219,23171.0,22783.074219,23171.0,23171.0,0.0
2019-12-06,22781.001953,23171.0,22781.001953,23171.0,23171.0,0.0
2019-12-09,22889.179688,23171.0,22889.179688,23171.0,23171.0,0.0
2019-12-10,22828.169922,23171.0,22816.121094,23171.0,23171.0,0.0
2019-12-11,22790.822266,23171.0,22790.822266,23171.0,23171.0,0.0
2019-12-12,23171.0,23171.0,22701.886719,23171.0,23171.0,0.0
2019-12-13,22732.990234,23171.0,22732.990234,23171.0,23171.0,0.0
2019-12-16,22918.521484,23171.0,22918.521484,23171.0,23171.0,0.0
2019-12-17,23171.0,23171.0,22817.722656,23171.0,23171.0,0.0
2019-12-18,22846.890625,23171.0,22815.650391,23171.0,23171.0,0.0
2019-12-19,23171.0,23171.0,22800.138672,23171.0,23171.0,0.0
2019-12-20,23171.0,23171.0,22811.451172,23171.0,23171.0,0.0
2019-12-23,22856.240234,23171.0,22815.369141,23171.0,23171.0,0.0
2019-12-24,23171.0,23171.0,22816.119141,23171.0,23171.0,0.0
2019-12-25,23171.0,23171.0,23171.0,23171.0,23171.0,0.0
2019-12-26,22783.302734,23171.0,22783.302734,23171.0,23171.0,0.0
2019-12-27,22759.90625,23171.0,22759.90625,23171.0,23171.0,0.0
2019-12-30,22731.619141,23171.0,22731.619141,23171.0,23171.0,0.0
2019-12-31,22790.787109,23171.0,22790.787109,23171.0,23171.0,0.0
2020-01-02,22835.800781,23171.0,22805.605469,23171.0,23171.0,0.0
2020-01-03,23171.0,23171.0,22812.912109,23171.0,23171.0,0.0
2020-01-06,22744.150391,23171.0,22744.150391,23171.0,23171.0,0.0
2020-01-07,23171.0,23171.0,22822.310547,23171.0,23171.0,0.0
2020-01-08,22863.619141,23171.0,22812.447266,23171.0,23171.0,0.0
2020-01-09,23171.0,23171.0,22805.958984,23171.0,23171.0,0.0
2020-01-10,22809.244141,23171.0,22809.244141,23171.0,23171.0,0.0
2020-01-13,23171.0,23171.0,22759.132813,22761.691406,22761.691406,0.0
2020-01-14,22781.433594,23171.0,22781.433594,23171.0,23171.0,0.0
2020-01-15,22818.328125,23171.0,22809.691406,23171.0,23171.0,0.0
2020-01-16,23171.0,23171.0,22805.091797,23171.0,23171.0,0.0
2020-01-17,23171.0,23171.0,22812.818359,23171.0,23171.0,0.0
2020-01-20,23171.0,23171.0,22809.667969,23171.0,23171.0,0.0
2020-01-21,23171.0,23171.0,22798.152344,23171.0,23171.0,0.0
2020-01-22,23171.0,23171.0,22806.345703,23171.0,23171.0,0.0
2020-01-30,23171.0,23182.0,22786.695313,23171.0,23171.0,0.0
2020-01-31,23182.0,23182.0,22808.568359,23182.0,23182.0,0.0
2020-02-03,23182.0,23182.0,22895.078125,23182.0,23182.0,0.0
2020-02-04,22902.736328,23237.0,22886.359375,23182.0,23182.0,0.0
2020-02-05,22906.363281,23237.0,22855.742188,23237.0,23237.0,0.0
2020-02-06,23237.0,23237.0,22861.896484,23237.0,23237.0,0.0
2020-02-07,22895.410156,23237.0,22866.533203,23237.0,23237.0,0.0
2020-02-10,23237.0,23237.0,22898.294922,23237.0,23237.0,0.0
2020-02-11,22971.097656,23237.0,22873.898438,23237.0,23237.0,0.0
2020-02-12,23237.0,23237.0,22864.050781,23237.0,23237.0,0.0
2020-02-13,23237.0,23237.0,22875.513672,23237.0,23237.0,0.0
2020-02-14,23237.0,23237.0,22877.707031,23237.0,23237.0,0.0
2020-02-17,23237.0,23237.0,22857.484375,23237.0,23237.0,0.0
2020-02-18,23237.0,23237.0,22879.003906,23237.0,23237.0,0.0
2020-02-19,23235.0,23235.0,22853.568359,23235.0,23235.0,0.0
2020-02-20,23235.0,23235.0,22836.642578,23235.0,23235.0,0.0
2020-02-21,23235.0,23235.0,22875.117188,23235.0,23235.0,0.0
2020-02-24,23235.0,23235.0,22878.132813,23235.0,23235.0,0.0
2020-02-25,23235.0,23235.0,22799.544922,23235.0,23235.0,0.0
2020-02-26,23235.0,23240.0,22824.482422,23235.0,23235.0,0.0
2020-02-27,23240.0,23240.0,22837.748047,23240.0,23240.0,0.0
2020-02-28,22787.585938,23240.0,22787.585938,23240.0,23240.0,0.0
2020-03-02,23234.0,23234.0,22866.464844,23234.0,23234.0,0.0
2020-03-03,23234.0,23234.0,22845.708984,23234.0,23234.0,0.0
2020-03-04,23234.0,23234.0,22751.1875,23234.0,23234.0,0.0
2020-03-05,23204.0,23204.0,22841.644531,23204.0,23204.0,0.0
2020-03-06,22730.123047,23204.0,22730.123047,23204.0,23204.0,0.0
2020-03-09,23204.0,23204.0,22840.625,23204.0,23204.0,0.0
2020-03-10,22860.148438,23204.0,22829.796875,23204.0,23204.0,0.0
2020-03-11,23204.0,23204.0,22786.728516,23204.0,23204.0,0.0
2020-03-12,22842.701172,23204.0,22814.019531,23204.0,23204.0,0.0
2020-03-13,22945.060547,23204.0,22839.53125,23204.0,23204.0,0.0
2020-03-16,23204.0,23204.0,22851.476563,23204.0,23204.0,0.0
2020-03-17,23204.0,23244.0,22893.882813,23204.0,23204.0,0.0
2020-03-18,23244.0,23244.0,22902.103516,23244.0,23244.0,0.0
2020-03-19,23244.0,23244.0,23244.0,23244.0,23244.0,0.0
2020-03-20,23244.0,23244.0,23040.869141,23244.0,23244.0,0.0
2020-03-23,23244.0,23244.0,23001.244141,23244.0,23244.0,0.0
2020-03-24,22938.0625,23291.091797,22938.0625,23244.0,23244.0,0.0
2020-03-25,23244.0,23341.845703,23222.853516,23244.0,23244.0,0.0
2020-03-26,23244.0,23310.953125,23029.636719,23244.0,23244.0,0.0
2020-03-27,23244.0,23262.195313,23120.962891,23244.0,23244.0,0.0
2020-03-30,23244.0,23631.0,23244.0,23010.337891,23010.337891,0.0
2020-03-31,23631.0,23631.0,23293.455078,23631.0,23631.0,0.0
2020-04-01,23631.0,23631.0,23077.236328,23631.0,23631.0,0.0
2020-04-03,23394.806641,23631.0,23197.544922,23631.0,23631.0,0.0
2020-04-06,23631.0,23631.0,23078.845703,23631.0,23631.0,0.0
2020-04-07,23631.0,23631.0,23092.978516,23631.0,23631.0,0.0
2020-04-08,23631.0,23631.0,23108.490234,23631.0,23631.0,0.0
2020-04-09,23631.0,23631.0,23115.128906,23631.0,23631.0,0.0
2020-04-10,23631.0,23631.0,22984.990234,23631.0,23631.0,0.0
2020-04-13,23631.0,23631.0,22922.039063,23631.0,23631.0,0.0
2020-04-14,23631.0,23631.0,22988.042969,23631.0,23631.0,0.0
2020-04-15,23018.25,23449.0,23018.25,23449.0,23449.0,0.0
2020-04-16,23441.0,23441.0,23087.884766,23441.0,23441.0,0.0
2020-04-17,23441.0,23441.0,23052.363281,23441.0,23441.0,0.0
2020-04-20,23441.0,23441.0,23003.015625,22972.873047,22972.873047,0.0
2020-04-21,23096.40625,23441.0,23096.40625,23441.0,23441.0,0.0
2020-04-22,23441.0,23441.0,23039.300781,23441.0,23441.0,0.0
2020-04-23,23256.4375,23441.0,23107.787109,23441.0,23441.0,0.0
2020-04-24,23136.871094,23441.0,23136.871094,23441.0,23441.0,0.0
2020-04-27,23441.0,23441.0,23095.996094,23441.0,23441.0,0.0
2020-04-28,23441.0,23444.0,23082.296875,23441.0,23441.0,0.0
2020-04-29,23444.0,23444.0,23070.363281,23444.0,23444.0,0.0
2020-05-04,23444.0,23444.0,23071.646484,23444.0,23444.0,0.0
2020-05-05,23444.0,23444.0,23046.056641,23444.0,23444.0,0.0
2020-05-06,23444.0,23444.0,23051.505859,23444.0,23444.0,0.0
2020-05-07,23073.074219,23444.0,23059.457031,23444.0,23444.0,0.0
2020-05-08,23444.0,23444.0,22936.705078,23444.0,23444.0,0.0
2020-05-11,23399.0,23399.0,22958.169922,23399.0,23399.0,0.0
2020-05-12,23010.283203,23399.0,23010.283203,23399.0,23399.0,0.0
2020-05-13,23334.0,23334.0,22921.916016,23334.0,23334.0,0.0
2020-05-14,23334.0,23334.0,23020.535156,23334.0,23334.0,0.0
2020-05-15,23334.0,23334.0,22973.453125,23334.0,23334.0,0.0
2020-05-18,23334.0,23334.0,22969.986328,23334.0,23334.0,0.0
2020-05-19,23334.0,23334.0,22743.736328,23334.0,23334.0,0.0
2020-05-20,23334.0,23334.0,22900.847656,23334.0,23334.0,0.0
2020-05-21,22876.626953,23334.0,22876.626953,23334.0,23334.0,0.0
2020-05-22,23334.0,23334.0,22893.421875,23334.0,23334.0,0.0
2020-05-25,23334.0,23334.0,22950.578125,23334.0,23334.0,0.0
2020-05-26,23334.0,23334.0,22924.601563,23334.0,23334.0,0.0
2020-05-27,23312.0,23312.0,22936.863281,23312.0,23312.0,0.0
2020-05-28,22946.164063,23312.0,22946.164063,23312.0,23312.0,0.0
2020-05-29,23309.0,23309.0,22802.019531,23309.0,23309.0,0.0
2020-06-01,23280.0,23280.0,22896.386719,23280.0,23280.0,0.0
2020-06-02,23264.0,23264.0,22849.904297,23264.0,23264.0,0.0
2020-06-03,22845.044922,23264.0,22845.044922,23264.0,23264.0,0.0
2020-06-04,22860.146484,23264.0,22860.146484,23264.0,23264.0,0.0
2020-06-05,23264.0,23264.0,22647.486328,23264.0,23264.0,0.0
2020-06-08,23264.0,23264.0,22898.962891,23264.0,23264.0,0.0
2020-06-09,23264.0,23264.0,22835.457031,23264.0,23264.0,0.0
2020-06-10,23264.0,23264.0,22737.433594,23264.0,23264.0,0.0
2020-06-11,23264.0,23264.0,22794.347656,23264.0,23264.0,0.0
2020-06-12,23264.0,23264.0,22855.550781,23264.0,23264.0,0.0
2020-06-15,23264.0,23264.0,22874.730469,23264.0,23264.0,0.0
2020-06-16,23264.0,23264.0,22689.353516,23264.0,23264.0,0.0
2020-06-17,22959.839844,23264.0,22832.398438,23264.0,23264.0,0.0
2020-06-18,23264.0,23264.0,22841.740234,23264.0,23264.0,0.0
2020-06-19,22962.876953,23264.0,22867.855469,23264.0,23264.0,0.0
2020-06-22,23264.0,23264.0,22856.582031,23264.0,23264.0,0.0
2020-06-23,23264.0,23264.0,22747.443359,23264.0,23264.0,0.0
2020-06-24,23264.0,23264.0,22807.792969,23264.0,23264.0,0.0
2020-06-25,22955.683594,23264.0,22851.40625,23264.0,23264.0,0.0
2020-06-26,23264.0,23264.0,22837.349609,23264.0,23264.0,0.0
2020-06-29,23264.0,23264.0,22862.792969,23210.0,23210.0,0.0
2020-06-30,23264.0,23264.0,22851.025391,23264.0,23264.0,0.0
2020-07-01,23264.0,23264.0,22787.490234,23264.0,23264.0,0.0
2020-07-02,23264.0,23264.0,22753.916016,23264.0,23264.0,0.0
2020-07-03,23202.0,23205.0,22927.296875,23202.0,23202.0,0.0
2020-07-06,23199.0,23201.0,22847.810547,23199.0,23199.0,0.0
2020-07-07,23201.0,23203.0,22786.285156,23201.0,23201.0,0.0
2020-07-08,23180.0,23200.0,22833.769531,23180.0,23180.0,0.0
2020-07-09,23188.0,23192.0,22728.816406,23188.0,23188.0,0.0
2020-07-10,22925.378906,23189.0,22815.169922,23184.0,23184.0,0.0
2020-07-13,23264.0,23264.0,22825.117188,22824.259766,22824.259766,0.0
2020-07-14,23179.0,23185.0,22791.324219,23179.0,23179.0,0.0
2020-07-15,22747.287109,23185.0,22747.287109,23181.0,23181.0,0.0
2020-07-16,23183.0,23185.0,22886.277344,23183.0,23183.0,0.0
2020-07-17,23184.0,23191.0,22845.316406,23184.0,23184.0,0.0
2020-07-20,23191.0,23191.0,22816.941406,23191.0,23191.0,0.0
2020-07-21,23188.0,23188.0,22830.167969,23188.0,23188.0,0.0
2020-07-22,23180.0,23190.0,22648.414063,23180.0,23180.0,0.0
2020-07-23,22841.087891,23182.0,22841.087891,23184.0,23184.0,0.0
2020-07-24,23180.0,23183.0,22781.572266,23180.0,23180.0,0.0
2020-07-27,23175.0,23185.0,22845.445313,23175.0,23175.0,0.0
2020-07-28,23181.0,23195.0,22762.058594,23181.0,23181.0,0.0
2020-07-29,23170.0,23179.0,22811.921875,23170.0,23170.0,0.0
2020-07-30,23175.0,23176.0,22773.710938,23175.0,23175.0,0.0
2020-07-31,22610.673828,23177.0,22610.673828,23175.0,23175.0,0.0
2020-08-03,23170.0,23176.0,22820.130859,23170.0,23170.0,0.0
2020-08-04,22780.039063,23176.0,22780.039063,23170.0,23170.0,0.0
2020-08-05,22760.488281,23175.0,22760.488281,23175.0,23175.0,0.0
2020-08-06,23174.0,23175.0,22850.382813,23174.0,23174.0,0.0
2020-08-07,23173.0,23175.0,22774.949219,23173.0,23173.0,0.0
2020-08-10,23173.0,23175.0,22834.646484,22903.845703,22903.845703,0.0
2020-08-11,23170.0,23174.0,22850.498047,23170.0,23170.0,0.0
2020-08-12,22947.675781,23175.0,22843.142578,23174.0,23174.0,0.0
2020-08-13,22781.228516,23178.0,22781.228516,23175.0,23175.0,0.0
2020-08-14,23174.0,23176.0,22830.34375,23174.0,23174.0,0.0
2020-08-17,23174.0,23185.0,22837.011719,23174.0,23174.0,0.0
2020-08-18,22760.761719,23175.0,22760.761719,23174.0,23174.0,0.0
2020-08-19,23174.0,23175.0,22750.480469,23174.0,23174.0,0.0
2020-08-20,23174.0,23175.0,22851.878906,23174.0,23174.0,0.0
2020-08-21,22769.320313,23176.0,22769.320313,23174.0,23174.0,0.0
2020-08-24,23175.0,23185.0,22845.71875,23175.0,23175.0,0.0
2020-08-25,23177.0,23177.0,22901.572266,23177.0,23177.0,0.0
2020-08-26,23170.0,23175.0,22827.046875,23170.0,23170.0,0.0
2020-08-27,23174.0,23175.0,22784.339844,23174.0,23174.0,0.0
2020-08-28,22812.970703,23175.0,22812.970703,23174.0,23174.0,0.0
2020-08-31,23174.0,23174.0,22819.708984,23174.0,23174.0,0.0
2020-09-01,22796.490234,23174.0,22796.490234,23174.0,23174.0,0.0
2020-09-03,23174.0,23174.0,22847.994141,23174.0,23174.0,0.0
2020-09-04,23174.0,23178.0,23170.0,23174.0,23174.0,0.0
2020-09-07,23178.0,23178.0,22836.667969,23178.0,23178.0,0.0
2020-09-08,23174.0,23178.0,22847.599609,23174.0,23174.0,0.0
2020-09-09,23176.0,23185.0,22831.675781,23176.0,23176.0,0.0
2020-09-10,23175.0,23178.0,22728.638672,23175.0,23175.0,0.0
2020-09-11,23173.0,23176.0,22836.402344,23173.0,23173.0,0.0
2020-09-14,23174.0,23181.0,22840.5625,23174.0,23174.0,0.0
2020-09-15,23175.0,23176.0,22843.455078,23175.0,23175.0,0.0
2020-09-16,22964.865234,23178.0,22841.832031,23175.0,23175.0,0.0
2020-09-17,23178.0,23178.0,22855.179688,23178.0,23178.0,0.0
2020-09-18,22735.056641,23180.0,22735.056641,23170.0,23170.0,0.0
2020-09-21,23170.0,23182.0,23170.0,23170.0,23170.0,0.0
2020-09-22,22874.378906,23179.0,22852.232422,23178.0,23178.0,0.0
2020-09-23,23177.0,23185.0,22997.302734,23177.0,23177.0,0.0
2020-09-24,22914.052734,23185.0,22831.070313,23185.0,23185.0,0.0
2020-09-25,23184.0,23195.0,22793.792969,23184.0,23184.0,0.0
2020-09-28,23191.0,23191.0,22842.6875,23191.0,23191.0,0.0
2020-09-29,23188.0,23190.0,22814.027344,23188.0,23188.0,0.0
2020-09-30,23190.0,23190.0,22848.185547,23190.0,23190.0,0.0
2020-10-01,23181.0,23188.0,22823.912109,23181.0,23181.0,0.0
2020-10-02,23188.0,23194.0,22853.726563,23188.0,23188.0,0.0
2020-10-05,23191.0,23203.0,22858.625,23191.0,23191.0,0.0
2020-10-06,22788.353516,23206.0,22788.353516,23203.0,23203.0,0.0
2020-10-07,23205.0,23205.0,22862.511719,23205.0,23205.0,0.0
2020-10-08,23205.0,23205.0,22853.669922,23205.0,23205.0,0.0
2020-10-09,23191.0,23205.0,22848.693359,23191.0,23191.0,0.0
2020-10-12,23180.0,23190.0,22843.408203,23180.0,23180.0,0.0
2020-10-13,23178.0,23181.0,22833.728516,23178.0,23178.0,0.0
2020-10-14,23177.0,23177.0,22835.132813,23177.0,23177.0,0.0
2020-10-15,23175.0,23177.0,22806.951172,23175.0,23175.0,0.0
2020-10-16,23170.0,23180.0,22850.556641,23170.0,23170.0,0.0
2020-10-19,23175.0,23177.0,22836.650391,23175.0,23175.0,0.0
2020-10-20,22819.972656,23179.0,22787.460938,23175.0,23175.0,0.0
2020-10-21,23179.0,23180.0,22838.857422,23179.0,23179.0,0.0
2020-10-22,22865.849609,23179.0,22845.064453,23177.0,23177.0,0.0
2020-10-23,23177.0,23180.0,22842.017578,23176.0,23176.0,0.0
2020-10-26,23177.0,23177.0,22836.214844,23176.0,23176.0,0.0
2020-10-27,22839.980469,23176.0,22839.980469,23175.0,23175.0,0.0
2020-10-28,23175.0,23177.0,22840.951172,23175.0,23175.0,0.0
2020-10-29,23176.0,23181.0,22794.8125,23176.0,23176.0,0.0
2020-10-30,22877.634766,23180.0,22836.583984,23170.0,23170.0,0.0
2020-11-02,23177.0,23177.0,22836.150391,23180.0,23180.0,0.0
2020-11-03,23177.0,23177.0,22833.910156,23177.0,23177.0,0.0
2020-11-04,22876.898438,23177.0,22819.457031,23176.0,23176.0,0.0
2020-11-05,23175.0,23177.0,23175.0,23176.0,23176.0,0.0
2020-11-06,23175.0,23180.0,22829.828125,23175.0,23175.0,0.0
2020-11-09,23176.0,23176.0,22859.980469,23176.0,23176.0,0.0
2020-11-10,23170.0,23175.0,22823.919922,23170.0,23170.0,0.0
2020-11-11,23173.0,23175.0,22786.960938,23173.0,23173.0,0.0
2020-11-12,22808.789063,23175.0,22808.789063,23175.0,23175.0,0.0
2020-11-13,22841.875,23180.0,22841.875,23175.0,23175.0,0.0
2020-11-16,23175.0,23176.0,22807.669922,23175.0,23175.0,0.0
2020-11-17,23175.0,23176.0,22776.902344,23175.0,23175.0,0.0
2020-11-18,23163.0,23176.0,22838.388672,23163.0,23163.0,0.0
2020-11-19,23160.0,23176.0,22839.837891,23160.0,23160.0,0.0
2020-11-20,23176.0,23182.0,22764.835938,23176.0,23176.0,0.0
2020-11-23,23176.0,23182.0,22851.091797,23176.0,23176.0,0.0
2020-11-24,22960.980469,23170.0,22815.347656,23177.0,23177.0,0.0
2020-11-25,23151.0,23165.0,22755.904297,23151.0,23151.0,0.0
2020-11-26,23160.0,23164.0,22744.595703,23160.0,23160.0,0.0
2020-11-27,23164.0,23180.0,22807.8125,23164.0,23164.0,0.0
2020-11-30,23177.0,23177.0,22743.130859,23160.0,23160.0,0.0
2020-12-01,23140.0,23140.0,22801.490234,23140.0,23140.0,0.0
2020-12-02,23129.0,23131.0,22609.820313,23129.0,23129.0,0.0
2020-12-03,23129.0,23130.0,22683.162109,23129.0,23129.0,0.0
2020-12-04,23125.0,23130.0,22777.410156,23125.0,23125.0,0.0
2020-12-07,23130.0,23130.0,22806.126953,23130.0,23130.0,0.0
2020-12-08,23127.0,23130.0,22785.091797,23127.0,23127.0,0.0
2020-12-09,23128.0,23130.0,22786.972656,23128.0,23128.0,0.0
2020-12-10,22857.615234,23130.0,22808.179688,23128.0,23128.0,0.0
2020-12-11,23177.0,23177.0,22804.6875,23128.0,23128.0,0.0
2020-12-14,23177.0,23177.0,22802.714844,23128.0,23128.0,0.0
2020-12-15,23126.0,23127.0,22789.681641,23126.0,23126.0,0.0
2020-12-16,23126.0,23127.0,22802.240234,23126.0,23126.0,0.0
2020-12-17,23126.0,23126.0,22805.074219,23126.0,23126.0,0.0
2020-12-18,22767.769531,23124.0,22767.769531,23120.0,23120.0,0.0
2020-12-21,23124.0,23125.0,22911.166016,23124.0,23124.0,0.0
2020-12-22,23120.0,23134.0,22673.550781,23120.0,23120.0,0.0
2020-12-23,23127.0,23135.0,22806.988281,23127.0,23127.0,0.0
2020-12-24,23130.0,23136.0,22774.949219,23130.0,23130.0,0.0
2020-12-25,23125.0,23152.0,22818.820313,23125.0,23125.0,0.0
2020-12-28,23130.0,23130.0,22808.009766,23130.0,23130.0,0.0
2020-12-29,23125.0,23125.0,22748.501953,23125.0,23125.0,0.0
2020-12-30,23120.0,23125.0,22716.880859,23120.0,23120.0,0.0
2020-12-31,22700.642578,23095.0,22700.642578,23088.0,23088.0,0.0
2021-01-04,23095.0,23095.0,22745.234375,23070.0,23070.0,0.0
2021-01-05,23070.0,23098.0,22781.490234,23070.0,23070.0,0.0
2021-01-06,23080.0,23096.0,22751.939453,23080.0,23080.0,0.0
2021-01-07,23090.0,23129.0,22758.46875,23090.0,23090.0,0.0
2021-01-08,23078.0,23078.0,22740.369141,23078.0,23078.0,0.0
2021-01-11,23066.0,23070.0,22741.925781,22788.548828,22788.548828,0.0
2021-01-12,23050.0,23070.0,22732.060547,23050.0,23050.0,0.0
2021-01-13,23065.0,23070.0,22613.265625,23065.0,23065.0,0.0
2021-01-14,23064.0,23068.0,22730.019531,23064.0,23064.0,0.0
2021-01-15,23064.0,23067.0,22737.335938,23064.0,23064.0,0.0
2021-01-18,23095.0,23095.0,22741.251953,22818.826172,22818.826172,0.0
2021-01-19,23069.0,23070.0,22684.179688,23069.0,23069.0,0.0
2021-01-20,23069.0,23075.0,22742.171875,23069.0,23069.0,0.0
2021-01-21,23072.0,23075.0,22721.162109,23072.0,23072.0,0.0
2021-01-22,23060.0,23076.0,22685.730469,23060.0,23060.0,0.0
2021-01-25,23070.0,23075.0,22743.613281,23070.0,23070.0,0.0
2021-01-26,23060.0,23070.0,22730.154297,23060.0,23060.0,0.0
2021-01-27,23069.0,23070.0,22696.417969,23069.0,23069.0,0.0
2021-01-28,23069.0,23069.0,22768.345703,23069.0,23069.0,0.0
2021-01-29,23059.0,23070.0,22691.408203,23059.0,23059.0,0.0
2021-02-01,23048.0,23048.0,22708.65625,22699.072266,22699.072266,0.0
2021-02-02,23045.0,23061.0,23010.0,23045.0,23045.0,0.0
2021-02-03,23027.0,23061.0,22703.462891,23027.0,23027.0,0.0
2021-02-04,23020.0,23025.0,22651.306641,23020.0,23020.0,0.0
2021-02-05,23015.0,23015.0,22677.074219,23015.0,23015.0,0.0
2021-02-08,23000.0,23000.0,22655.798828,23000.0,23000.0,0.0
2021-02-09,22970.0,23010.0,22596.908203,22970.0,22970.0,0.0
2021-02-17,22970.0,23020.0,22682.916016,23010.0,23010.0,0.0
2021-02-18,23010.0,23015.0,22691.568359,23010.0,23010.0,0.0
2021-02-19,23015.0,23018.0,22655.244141,23015.0,23015.0,0.0
2021-02-22,23018.0,23022.0,22695.625,22727.703125,22727.703125,0.0
2021-02-23,23020.0,23025.0,22621.908203,23020.0,23020.0,0.0
2021-02-24,22691.851563,23025.0,22688.005859,23025.0,23025.0,0.0
2021-02-25,23020.0,23025.0,22694.949219,23020.0,23020.0,0.0
2021-02-26,23010.0,23017.0,22679.679688,23025.0,23025.0,0.0
2021-03-01,23015.0,23026.0,22699.494141,23015.0,23015.0,0.0
2021-03-02,22722.890625,23030.0,22696.851563,23020.0,23020.0,0.0
2021-03-03,23025.0,23030.0,22694.523438,23022.0,23022.0,0.0
2021-03-04,23020.0,23021.0,22680.566406,23020.0,23020.0,0.0
2021-03-05,23019.0,23035.0,22688.357422,23019.0,23019.0,0.0
2021-03-08,22707.189453,22707.5,22707.189453,23033.0,23033.0,0.0
2021-03-09,22753.34375,22753.34375,22726.470703,22707.5,22707.5,0.0
2021-03-10,22760.697266,23052.0,22712.40625,22726.470703,22726.470703,0.0
2021-03-11,23052.0,23053.0,22723.738281,23052.0,23052.0,0.0
2021-03-12,23051.0,23056.0,22710.382813,23051.0,23051.0,0.0
2021-03-15,23055.0,23081.0,22692.871094,22651.580078,22651.580078,0.0
2021-03-16,23075.0,23082.0,22748.921875,23081.0,23081.0,0.0
2021-03-17,23082.0,23082.0,23045.0,23082.0,23082.0,0.0
2021-03-18,23045.0,23065.0,22724.228516,23045.0,23045.0,0.0
2021-03-19,23065.0,23075.0,22729.984375,23065.0,23065.0,0.0
2021-03-22,23073.0,23080.0,22743.164063,22761.628906,22761.628906,0.0
2021-03-23,23076.0,23076.0,22737.101563,23076.0,23076.0,0.0
2021-03-24,23070.0,23081.0,22748.017578,23070.0,23070.0,0.0
2021-03-25,23080.0,23085.0,22742.632813,23080.0,23080.0,0.0
2021-03-26,23090.0,23090.0,22742.791016,23084.0,23084.0,0.0
2021-03-29,23084.0,23084.0,22744.195313,23084.0,23084.0,0.0
2021-03-30,23070.0,23070.0,22733.433594,23070.0,23070.0,0.0
2021-03-31,23070.0,23075.0,22729.578125,23070.0,23070.0,0.0
2021-04-01,22740.621094,23076.0,22731.978516,23074.0,23074.0,0.0
2021-04-02,23065.0,23074.0,22662.363281,23065.0,23065.0,0.0
2021-04-05,23073.0,23081.0,22703.830078,23073.0,23073.0,0.0
2021-04-06,23079.0,23092.0,22752.488281,23079.0,23079.0,0.0
2021-04-07,23090.0,23092.0,22628.302734,23090.0,23090.0,0.0
2021-04-08,22805.664063,23088.0,22746.738281,23090.0,23090.0,0.0
2021-04-09,22640.433594,23073.0,22640.433594,23085.0,23085.0,0.0
2021-04-12,23065.0,23070.0,22736.929688,22697.632813,22697.632813,0.0
2021-04-13,23067.0,23071.0,22733.884766,23067.0,23067.0,0.0
2021-04-14,23075.0,23078.0,22744.802734,23069.0,23069.0,0.0
2021-04-15,23073.0,23073.0,22732.173828,23078.0,23078.0,0.0
2021-04-16,23073.0,23073.0,23060.0,23073.0,23073.0,0.0
2021-04-19,22775.585938,23073.0,22737.085938,22747.548828,22747.548828,0.0
2021-04-20,23073.0,23075.0,22734.474609,23073.0,23073.0,0.0
2021-04-22,23068.0,23072.0,22733.910156,23074.0,23074.0,0.0
2021-04-23,23062.0,23070.0,22745.033203,23070.0,23070.0,0.0
2021-04-26,22651.080078,23070.0,22651.080078,22664.841797,22664.841797,0.0
2021-04-27,22735.306641,23050.0,22718.882813,23040.0,23040.0,0.0
2021-04-28,22722.925781,23047.0,22722.925781,23042.0,23042.0,0.0
2021-04-29,22576.287109,23060.0,22576.287109,23047.0,23047.0,0.0
2021-05-04,22726.556641,23068.0,22726.556641,23054.0,23054.0,0.0
2021-05-05,23050.0,23067.0,22717.857422,23050.0,23050.0,0.0
2021-05-06,23060.0,23067.0,22738.257813,23060.0,23060.0,0.0
2021-05-07,23067.0,23067.0,22729.757813,23067.0,23067.0,0.0
2021-05-10,23060.0,23062.0,22736.279297,22562.226563,22562.226563,0.0
2021-05-11,23060.0,23060.0,22801.615234,23060.0,23060.0,0.0
2021-05-12,22763.410156,23058.0,22721.912109,23055.0,23055.0,0.0
2021-05-13,23023.0,23040.0,23023.0,23053.0,23053.0,0.0
2021-05-14,23040.0,23050.0,22707.041016,23040.0,23040.0,0.0
2021-05-17,23048.0,23053.0,22722.302734,23048.0,23048.0,0.0
2021-05-18,23046.0,23046.0,22713.236328,23046.0,23046.0,0.0
2021-05-19,23042.0,23048.0,22723.697266,23040.0,23040.0,0.0
2021-05-20,23045.0,23050.0,22711.847656,23045.0,23045.0,0.0
2021-05-21,23050.0,23055.0,22732.072266,23045.0,23045.0,0.0
2021-05-24,23054.0,23056.0,22732.539063,23054.0,23054.0,0.0
2021-05-25,22715.148438,23060.0,22715.148438,23056.0,23056.0,0.0
2021-05-26,22740.060547,23060.0,22740.060547,23060.0,23060.0,0.0
2021-05-27,23055.0,23059.0,22728.316406,23055.0,23055.0,0.0
2021-05-28,23045.0,23049.0,22712.066406,23045.0,23045.0,0.0
2021-05-31,23045.0,23048.0,22724.308594,23045.0,23045.0,0.0
2021-06-01,23040.0,23046.0,22648.40625,23040.0,23040.0,0.0
2021-06-02,23044.0,23046.0,23040.0,23044.0,23044.0,0.0
2021-06-03,22639.996094,23046.0,22639.996094,23040.0,23040.0,0.0
2021-06-04,22826.867188,23052.0,22826.867188,23041.0,23041.0,0.0
2021-06-07,23044.0,23050.0,23000.0,23044.0,23044.0,0.0
2021-06-08,23000.0,23000.0,22615.226563,23000.0,23000.0,0.0
2021-06-09,22952.0,22966.0,22631.125,22952.0,22952.0,0.0
2021-06-10,22955.0,23000.0,22616.597656,22955.0,22955.0,0.0
2021-06-11,22603.226563,22964.0,22603.226563,22947.0,22947.0,0.0
2021-06-14,22945.0,22948.0,22620.707031,22945.0,22945.0,0.0
2021-06-15,22944.0,22952.0,22616.416016,22944.0,22944.0,0.0
2021-06-16,22947.0,22952.0,22609.355469,22947.0,22947.0,0.0
2021-06-17,22946.0,22966.0,22628.117188,22946.0,22946.0,0.0
2021-06-18,22970.0,23010.0,22667.736328,22960.0,22960.0,0.0
2021-06-21,22995.0,23040.0,22945.0,22995.0,22995.0,0.0
2021-06-22,23014.0,23025.0,22653.34375,23014.0,23014.0,0.0
2021-06-23,22617.142578,23026.0,22617.142578,23025.0,23025.0,0.0
2021-06-24,22713.291016,23020.0,22667.458984,23020.0,23020.0,0.0
2021-06-25,22696.146484,23050.0,22696.146484,23003.0,23003.0,0.0
2021-06-28,22696.251953,23020.0,22696.251953,22700.054688,22700.054688,0.0
2021-06-29,23023.0,23025.0,22693.265625,23020.0,23020.0,0.0
2021-06-30,23020.0,23021.0,23014.0,23020.0,23020.0,0.0
2021-07-01,23014.0,23014.0,22676.554688,23014.0,23014.0,0.0
2021-07-02,23010.0,23020.0,22657.076172,23010.0,23010.0,0.0
2021-07-05,22998.0,23003.0,22985.0,22590.8125,22590.8125,0.0
2021-07-06,22692.972656,23010.0,22670.591797,22996.0,22996.0,0.0
2021-07-07,22705.587891,23015.0,22676.0,23007.0,23007.0,0.0
2021-07-08,22735.714844,23024.0,22734.847656,23015.0,23015.0,0.0
2021-07-09,22670.652344,23020.0,22659.742188,23007.0,23007.0,0.0
2021-07-12,23000.0,23020.0,22677.59375,22626.925781,22626.925781,0.0
2021-07-13,23020.0,23023.0,23000.0,23020.0,23020.0,0.0
2021-07-14,23010.0,23017.0,22663.154297,23010.0,23010.0,0.0
2021-07-15,23011.0,23015.0,22604.359375,23011.0,23011.0,0.0
2021-07-16,23009.0,23013.0,22675.179688,23009.0,23009.0,0.0
2021-07-19,23011.0,23025.0,23010.0,22667.59375,22667.59375,0.0
2021-07-20,22645.84375,23026.0,22645.84375,23020.0,23020.0,0.0
2021-07-21,22693.548828,23028.0,22693.548828,23026.0,23026.0,0.0
2021-07-22,23022.0,23022.0,22652.330078,23022.0,23022.0,0.0
2021-07-23,23010.0,23020.0,22698.425781,23010.0,23010.0,0.0
2021-07-26,23005.0,23020.0,23000.0,22652.552734,22652.552734,0.0
2021-07-27,23008.0,23020.0,22639.464844,23008.0,23008.0,0.0
2021-07-28,22622.089844,23020.0,22622.089844,23005.0,23005.0,0.0
2021-07-29,22999.0,23015.0,22584.511719,22999.0,22999.0,0.0
2021-07-30,22965.0,22965.0,22617.214844,22965.0,22965.0,0.0
2021-08-02,22950.0,22958.0,22615.123047,22950.0,22950.0,0.0
2021-08-03,22651.123047,22950.0,22651.123047,22950.0,22950.0,0.0
2021-08-04,22668.183594,22954.0,22612.972656,22950.0,22950.0,0.0
2021-08-05,22945.0,22945.0,22605.730469,22945.0,22945.0,0.0
2021-08-06,22936.0,22950.0,22591.083984,22936.0,22936.0,0.0
2021-08-09,22927.0,22965.0,22922.0,22672.322266,22672.322266,0.0
2021-08-10,22615.244141,22939.0,22615.244141,22925.0,22925.0,0.0
2021-08-11,22887.0,22950.0,22573.318359,22887.0,22887.0,0.0
2021-08-12,22421.054688,22844.0,22421.054688,22809.0,22809.0,0.0
2021-08-13,22805.0,22830.0,22466.845703,22805.0,22805.0,0.0
2021-08-16,22830.0,22842.0,22495.4375,22830.0,22830.0,0.0
2021-08-17,22830.0,22836.0,22800.0,22830.0,22830.0,0.0
2021-08-18,22830.0,22833.0,22791.0,22830.0,22830.0,0.0
2021-08-19,22807.0,22830.0,22800.0,22807.0,22807.0,0.0
2021-08-20,22828.0,22828.0,22491.917969,22812.0,22812.0,0.0
2021-08-23,22820.0,22825.0,22812.0,22451.056641,22451.056641,0.0
2021-08-24,22825.0,22827.0,22464.808594,22825.0,22825.0,0.0
2021-08-25,22820.0,22820.0,22468.732422,22820.0,22820.0,0.0
2021-08-26,22790.0,22790.0,22415.617188,22790.0,22790.0,0.0
2021-08-27,22785.0,22789.0,22448.796875,22785.0,22785.0,0.0
2021-08-30,22789.0,22796.0,22775.0,22789.0,22789.0,0.0
2021-08-31,22427.839844,22781.0,22425.431641,22775.0,22775.0,0.0
2021-09-01,22775.0,22775.0,22427.716797,22775.0,22775.0,0.0
2021-09-06,22760.0,22773.0,22423.833984,22760.0,22760.0,0.0
2021-09-07,22760.0,22780.0,22424.349609,22760.0,22760.0,0.0
2021-09-08,22758.0,22767.0,22750.0,22758.0,22758.0,0.0
2021-09-09,22757.0,22765.0,22433.753906,22757.0,22757.0,0.0
2021-09-10,22765.0,22765.0,22418.216797,22765.0,22765.0,0.0
2021-09-13,22757.0,22765.0,22755.0,22757.0,22757.0,0.0
2021-09-14,22759.0,22763.0,22358.470703,22759.0,22759.0,0.0
2021-09-15,22759.0,22762.0,22417.509766,22759.0,22759.0,0.0
2021-09-16,22758.0,22760.0,22437.316406,22758.0,22758.0,0.0
2021-09-17,22753.0,22770.0,22427.15625,22753.0,22753.0,0.0
2021-09-20,22770.0,22773.0,22435.429688,22770.0,22770.0,0.0
2021-09-21,22769.0,22772.0,22406.058594,22769.0,22769.0,0.0
2021-09-22,22450.625,22770.0,22423.287109,22755.0,22755.0,0.0
2021-09-23,22760.0,22765.0,22429.005859,22760.0,22760.0,0.0
2021-09-24,22366.662109,22769.0,22366.662109,22762.0,22762.0,0.0
2021-09-27,22760.0,22767.0,22429.427734,22760.0,22760.0,0.0
2021-09-28,22766.0,22784.0,22462.625,22766.0,22766.0,0.0
2021-09-29,22761.0,22767.0,22415.228516,22761.0,22761.0,0.0
2021-09-30,22753.0,22765.0,22415.142578,22753.0,22753.0,0.0
2021-10-01,22750.0,22760.0,22407.416016,22750.0,22750.0,0.0
2021-10-04,22757.0,22759.0,22414.111328,22757.0,22757.0,0.0
2021-10-05,22432.642578,22758.0,22432.642578,22757.0,22757.0,0.0
2021-10-06,22411.777344,22762.0,22403.292969,22754.0,22754.0,0.0
2021-10-07,22372.570313,22760.0,22372.570313,22750.0,22750.0,0.0
2021-10-08,22750.0,22760.0,22414.912109,22750.0,22750.0,0.0
2021-10-11,22757.0,22758.0,22750.0,22399.798828,22399.798828,0.0
2021-10-12,22447.734375,22757.0,22410.919922,22750.0,22750.0,0.0
2021-10-13,22433.056641,22762.0,22433.056641,22757.0,22757.0,0.0
2021-10-14,22339.755859,22761.0,22339.755859,22757.0,22757.0,0.0
2021-10-15,22445.132813,22760.0,22418.820313,22757.0,22757.0,0.0
2021-10-18,22758.0,22758.0,22413.546875,22758.0,22758.0,0.0
2021-10-19,22758.0,22758.0,22348.574219,22758.0,22758.0,0.0
2021-10-20,22755.0,22756.0,22407.082031,22755.0,22755.0,0.0
2021-10-21,22755.0,22755.0,22367.388672,22755.0,22755.0,0.0
2021-10-22,22436.314453,22754.0,22399.539063,22750.0,22750.0,0.0
2021-10-25,22754.0,22754.0,22410.433594,22394.345703,22394.345703,0.0
2021-10-26,22745.0,22758.0,22449.638672,22745.0,22745.0,0.0
2021-10-27,22757.0,22759.0,22454.855469,22757.0,22757.0,0.0
2021-10-28,22755.0,22755.0,22417.845703,22755.0,22755.0,0.0
2021-10-29,22750.0,22752.0,22260.353516,22750.0,22750.0,0.0
2021-11-01,22750.0,22750.0,22403.746094,22750.0,22750.0,0.0
2021-11-02,22750.0,22757.0,22359.894531,22750.0,22750.0,0.0
2021-11-03,22443.341797,22748.0,22401.332031,22748.0,22748.0,0.0
2021-11-04,22371.3125,22687.0,22371.3125,22747.0,22747.0,0.0
2021-11-05,22680.0,22680.0,22333.585938,22680.0,22680.0,0.0
2021-11-08,22680.0,22680.0,22300.427734,22680.0,22680.0,0.0
2021-11-09,22298.40625,22664.0,22298.40625,22660.0,22660.0,0.0
2021-11-10,22662.0,22662.0,22293.535156,22662.0,22662.0,0.0
2021-11-11,22660.0,22660.0,22292.529297,22660.0,22660.0,0.0
2021-11-12,22356.541016,22661.0,22300.748047,22645.0,22645.0,0.0
2021-11-15,22640.0,22661.0,22305.216797,22640.0,22640.0,0.0
2021-11-16,22645.0,22650.0,22640.0,22645.0,22645.0,0.0
2021-11-17,22650.0,22651.0,22295.105469,22650.0,22650.0,0.0
2021-11-18,22648.0,22660.0,22301.75,22648.0,22648.0,0.0
2021-11-19,22650.0,22660.0,22296.490234,22650.0,22650.0,0.0
2021-11-22,22657.0,22670.0,22324.814453,22657.0,22657.0,0.0
2021-11-23,22398.220703,22675.0,22318.253906,22670.0,22670.0,0.0
2021-11-24,22675.0,22690.0,22332.052734,22675.0,22675.0,0.0
2021-11-25,22680.0,22680.0,22355.576172,22680.0,22680.0,0.0
2021-11-26,22670.0,22680.0,22665.0,22670.0,22670.0,0.0
2021-11-29,22678.0,22690.0,22670.0,22678.0,22678.0,0.0
2021-11-30,22688.0,22722.0,22670.0,22690.0,22690.0,0.0
2021-12-01,22688.0,22710.0,22685.0,22688.0,22688.0,0.0
2021-12-02,22710.0,22730.0,22699.0,22710.0,22710.0,0.0
2021-12-03,22730.0,22830.0,22688.0,22730.0,22730.0,0.0
2021-12-06,22830.0,23100.0,22830.0,22830.0,22830.0,0.0
2021-12-07,23020.0,23110.0,23000.0,23020.0,23020.0,0.0
2021-12-08,23070.0,23075.0,22910.0,23070.0,23070.0,0.0
2021-12-09,22920.0,22985.0,22900.0,22920.0,22920.0,0.0
2021-12-10,23000.0,23030.0,22960.0,22980.0,22980.0,0.0
2021-12-13,23030.0,23030.0,22950.0,23025.0,23025.0,0.0
2021-12-14,22975.0,23020.0,22950.0,22975.0,22975.0,0.0
2021-12-15,23000.0,23060.0,23000.0,23000.0,23000.0,0.0
2021-12-16,23030.0,23040.0,22980.0,23030.0,23030.0,0.0
2021-12-17,22990.0,23020.0,22900.0,22990.0,22990.0,0.0
2021-12-20,22980.0,22980.0,22910.0,22980.0,22980.0,0.0
2021-12-21,22928.0,22933.0,22880.0,22928.0,22928.0,0.0
2021-12-22,22933.0,22965.0,22910.0,22933.0,22933.0,0.0
2021-12-23,22955.0,22960.0,22920.0,22955.0,22955.0,0.0
2021-12-24,22950.0,22950.0,22840.0,22950.0,22950.0,0.0
2021-12-27,22840.0,22840.0,22780.0,22840.0,22840.0,0.0
2021-12-28,22810.0,22850.0,22800.0,22810.0,22810.0,0.0
2021-12-29,22835.0,22835.0,22815.0,22835.0,22835.0,0.0
2021-12-30,22820.0,22820.0,22765.0,22820.0,22820.0,0.0
2021-12-31,22765.0,22830.0,22740.0,22765.0,22765.0,0.0
2022-01-04,22825.0,22825.0,22745.0,22825.0,22825.0,0.0
2022-01-05,22752.0,22755.0,22730.0,22752.0,22752.0,0.0
2022-01-06,22755.0,22755.0,22740.0,22755.0,22755.0,0.0
2022-01-07,22740.0,22740.0,22680.0,22745.0,22745.0,0.0
2022-01-10,22685.0,22750.0,22670.0,22685.0,22685.0,0.0
2022-01-11,22700.0,22725.0,22670.0,22695.0,22695.0,0.0
2022-01-12,22685.0,22700.0,22685.0,22698.0,22698.0,0.0
2022-01-13,22700.0,22710.0,22680.0,22698.0,22698.0,0.0
2022-01-14,22710.0,22725.0,22700.0,22710.0,22710.0,0.0
2022-01-17,22710.0,22733.0,22700.0,22710.0,22710.0,0.0
2022-01-18,22745.0,22800.0,22720.0,22720.0,22720.0,0.0
2022-01-19,22720.0,22785.0,22695.0,22750.0,22750.0,0.0
2022-01-20,22700.0,22730.0,22635.0,22700.0,22700.0,0.0
2022-01-21,22645.0,22660.0,22610.0,22645.0,22645.0,0.0
2022-01-24,22625.0,22690.0,22620.0,22625.0,22625.0,0.0
2022-01-25,22630.0,22700.0,22630.0,22675.0,22675.0,0.0
2022-01-26,22630.0,22660.0,22625.0,22630.0,22630.0,0.0
2022-01-27,22630.0,22654.0,22625.0,22630.0,22630.0,0.0
2022-01-28,22630.0,22660.0,22630.0,22630.0,22630.0,0.0
2022-02-07,22640.0,22680.0,22635.0,22645.0,22645.0,0.0
2022-02-08,22665.0,22715.0,22665.0,22665.0,22665.0,0.0
2022-02-09,22715.0,22735.0,22680.0,22715.0,22715.0,0.0
2022-02-10,22680.0,22695.0,22680.0,22680.0,22680.0,0.0
2022-02-11,22680.0,22695.0,22670.0,22680.0,22680.0,0.0
2022-02-14,22685.0,22750.0,22685.0,22685.0,22685.0,0.0
2022-02-15,22725.0,22760.0,22725.0,22725.0,22725.0,0.0
2022-02-16,22750.0,22760.0,22740.0,22750.0,22750.0,0.0
2022-02-17,22750.0,22785.0,22750.0,22750.0,22750.0,0.0
2022-02-18,22785.0,22850.0,22785.0,22785.0,22785.0,0.0
2022-02-21,22820.0,22835.0,22795.0,22820.0,22820.0,0.0
2022-02-22,22800.0,22835.0,22795.0,22800.0,22800.0,0.0
2022-02-23,22815.0,22834.0,22815.0,22815.0,22815.0,0.0
2022-02-24,22825.0,22840.0,22815.0,22825.0,22825.0,0.0
2022-02-25,22840.0,22840.0,22810.0,22840.0,22840.0,0.0
2022-02-28,22840.0,22840.0,22800.0,22820.0,22820.0,0.0
2022-03-01,22805.0,22818.0,22800.0,22805.0,22805.0,0.0
2022-03-02,22815.0,22840.0,22815.0,22815.0,22815.0,0.0
2022-03-03,22840.0,22850.0,22815.0,22840.0,22840.0,0.0
2022-03-04,22835.0,22840.0,22830.0,22835.0,22835.0,0.0
2022-03-07,22830.0,22855.0,22830.0,22830.0,22830.0,0.0
2022-03-08,22848.0,22848.0,22840.0,22845.0,22845.0,0.0
2022-03-09,22845.0,22845.0,22830.0,22845.0,22845.0,0.0
2022-03-10,22835.0,22853.0,22830.0,22835.0,22835.0,0.0
2022-03-11,22850.0,22880.0,22830.0,22835.0,22835.0,0.0
2022-03-14,22873.0,22894.0,22840.0,22873.0,22873.0,0.0
2022-03-15,22890.0,22895.0,22873.0,22890.0,22890.0,0.0
2022-03-16,22880.0,22883.0,22860.0,22880.0,22880.0,0.0
2022-03-17,22879.0,22879.0,22860.0,22879.0,22879.0,0.0
2022-03-18,22865.0,22870.0,22850.0,22865.0,22865.0,0.0
2022-03-21,22860.0,22893.0,22850.0,22860.0,22860.0,0.0
2022-03-22,22860.0,22875.0,22855.0,22860.0,22860.0,0.0
2022-03-23,22875.0,22882.0,22855.0,22870.0,22870.0,0.0
2022-03-24,22870.0,22875.0,22860.0,22872.0,22872.0,0.0
2022-03-25,22867.0,22874.0,22860.0,22869.0,22869.0,0.0
2022-03-28,22861.0,22875.0,22840.0,22861.0,22861.0,0.0
2022-03-29,22860.0,22875.0,22865.0,22860.0,22860.0,0.0
2022-03-30,22865.0,22873.0,22850.0,22865.0,22865.0,0.0
2022-03-31,22854.0,22863.0,22830.0,22854.0,22854.0,0.0
2022-04-01,22838.0,22850.0,22835.0,22838.0,22838.0,0.0
2022-04-04,22837.0,22847.0,22830.0,22837.0,22837.0,0.0
2022-04-05,22846.0,22874.0,22843.0,22846.0,22846.0,0.0
2022-04-06,22873.0,22877.0,22847.0,22873.0,22873.0,0.0
2022-04-07,22866.0,22870.0,22835.0,22866.0,22866.0,0.0
2022-04-08,22859.0,22868.0,22840.0,22859.0,22859.0,0.0
2022-04-12,22872.0,22889.0,22860.0,22860.0,22860.0,0.0
2022-04-13,22888.0,22894.0,22870.0,22888.0,22888.0,0.0
2022-04-14,22887.0,22901.0,22885.0,22887.0,22887.0,0.0
2022-04-15,22900.0,22903.0,22840.0,22900.0,22900.0,0.0
2022-04-18,22899.0,22929.0,22888.0,22899.0,22899.0,0.0
2022-04-19,22890.0,22960.0,22890.0,22890.0,22890.0,0.0
2022-04-20,22955.0,22983.0,22915.0,22955.0,22955.0,0.0
2022-04-21,22962.0,22966.0,22950.0,22962.0,22962.0,0.0
2022-04-22,22962.0,22970.0,22963.0,22962.0,22962.0,0.0
2022-04-25,22965.0,22983.0,22960.0,22965.0,22965.0,0.0
2022-04-26,22983.0,22983.0,22965.0,22983.0,22983.0,0.0
2022-04-27,22970.0,22977.0,22958.0,22970.0,22970.0,0.0
2022-04-28,22965.0,22965.0,22947.0,22965.0,22965.0,0.0
2022-04-29,22956.0,22974.0,22950.0,22956.0,22956.0,0.0
2022-05-04,22962.0,22973.0,22955.0,22962.0,22962.0,0.0
2022-05-05,22966.0,22965.0,22945.0,22966.0,22966.0,0.0
2022-05-06,22955.0,22963.0,22950.0,22955.0,22955.0,0.0
2022-05-09,22955.0,22958.0,22942.0,22955.0,22955.0,0.0
2022-05-10,22950.0,22960.0,22935.0,22950.0,22950.0,0.0
2022-05-11,22941.0,23100.0,22941.0,22941.0,22941.0,0.0
2022-05-12,23050.0,23100.0,23030.0,23050.0,23050.0,0.0
2022-05-13,23096.0,23095.0,23080.0,23096.0,23096.0,0.0
2022-05-16,23086.0,23095.0,23075.0,23086.0,23086.0,0.0
2022-05-17,23095.0,23126.0,23080.0,23095.0,23095.0,0.0
2022-05-18,23120.0,23140.0,23117.0,23120.0,23120.0,0.0
2022-05-19,23139.0,23172.0,23130.0,23139.0,23139.0,0.0
2022-05-20,23140.0,23175.0,23127.0,23140.0,23140.0,0.0
2022-05-23,23160.0,23170.0,23127.0,23160.0,23160.0,0.0
2022-05-24,23170.0,23215.0,23170.0,23170.0,23170.0,0.0
2022-05-25,23210.0,23210.0,23165.0,23210.0,23210.0,0.0
2022-05-26,23190.0,23210.0,23190.0,23190.0,23190.0,0.0
2022-05-27,23205.0,23205.0,23183.0,23205.0,23205.0,0.0
2022-05-30,23195.0,23200.0,23175.0,23195.0,23195.0,0.0
2022-05-31,23176.0,23188.0,23176.0,23176.0,23176.0,0.0
2022-06-01,23185.0,23202.0,23185.0,23185.0,23185.0,0.0
2022-06-02,23196.0,23207.0,23185.0,23196.0,23196.0,0.0
2022-06-03,23193.0,23198.0,23180.0,23193.0,23193.0,0.0
2022-06-06,23187.0,23193.0,23180.0,23187.0,23187.0,0.0
2022-06-07,23180.0,23192.0,23183.0,23180.0,23180.0,0.0
2022-06-08,23185.0,23189.0,23185.0,23185.0,23185.0,0.0
2022-06-09,23187.0,23187.0,23155.0,23187.0,23187.0,0.0
2022-06-10,23155.0,23187.0,23155.0,23155.0,23155.0,0.0
2022-06-13,23177.0,23205.0,23165.0,23177.0,23177.0,0.0
2022-06-14,23195.0,23245.0,23195.0,23195.0,23195.0,0.0
2022-06-15,23210.0,23230.0,23213.0,23210.0,23210.0,0.0
2022-06-16,23230.0,23235.0,23215.0,23230.0,23230.0,0.0
2022-06-17,23232.0,23240.0,23220.0,23232.0,23232.0,0.0
2022-06-20,23220.0,23245.0,23190.0,23220.0,23220.0,0.0
2022-06-21,23230.0,23233.0,23220.0,23230.0,23230.0,0.0
2022-06-22,23226.0,23242.0,23225.0,23226.0,23226.0,0.0
2022-06-23,23235.0,23252.0,23230.0,23235.0,23235.0,0.0
2022-06-24,23244.0,23255.0,23235.0,23244.0,23244.0,0.0
2022-06-27,23247.0,23253.0,23240.0,23247.0,23247.0,0.0
2022-06-28,23245.0,23257.0,23199.0,23245.0,23245.0,0.0
2022-06-29,23255.0,23265.0,23233.0,23255.0,23255.0,0.0
2022-06-30,23265.0,23285.0,23235.0,23265.0,23265.0,0.0
2022-07-01,23255.0,23310.0,23255.0,23255.0,23255.0,0.0
2022-07-04,23300.0,23365.0,23300.0,23300.0,23300.0,0.0
2022-07-05,23335.0,23370.0,23335.0,23335.0,23335.0,0.0
2022-07-06,23360.0,23375.0,23358.0,23360.0,23360.0,0.0
2022-07-07,23373.0,23383.0,23345.0,23373.0,23373.0,0.0
2022-07-08,23350.0,23370.0,23330.0,23350.0,23350.0,0.0
2022-07-11,23355.0,23355.0,23320.0,23355.0,23355.0,0.0
2022-07-12,23347.0,23389.0,23347.0,23347.0,23347.0,0.0
2022-07-13,23389.0,23393.0,23377.0,23389.0,23389.0,0.0
2022-07-14,23388.0,23415.0,23335.0,23388.0,23388.0,0.0
2022-07-15,23415.0,23450.0,23415.0,23415.0,23415.0,0.0
2022-07-18,23450.0,23450.0,23399.0,23450.0,23450.0,0.0
2022-07-19,23440.0,23450.0,23412.0,23440.0,23440.0,0.0
2022-07-20,23412.0,23430.0,23407.0,23412.0,23412.0,0.0
2022-07-21,23410.0,23410.0,23380.0,23410.0,23410.0,0.0
2022-07-22,23410.0,23410.0,23390.0,23410.0,23410.0,0.0
2022-07-25,23400.0,23400.0,23380.0,23400.0,23400.0,0.0
2022-07-26,23385.0,23385.0,23345.0,23385.0,23385.0,0.0
2022-07-27,23370.0,23377.0,23350.0,23370.0,23370.0,0.0
2022-07-28,23375.0,23375.0,23352.0,23375.0,23375.0,0.0
2022-07-29,23358.0,23368.0,23335.0,23358.0,23358.0,0.0
2022-08-01,23335.0,23358.0,23335.0,23335.0,23335.0,0.0
2022-08-02,23355.0,23360.0,23348.0,23355.0,23355.0,0.0
2022-08-03,23353.0,23395.0,23350.0,23353.0,23353.0,0.0
2022-08-04,23394.0,23413.0,23373.0,23394.0,23394.0,0.0
2022-08-05,23393.0,23410.0,23382.0,23393.0,23393.0,0.0
2022-08-08,23385.0,23396.0,23380.0,23385.0,23385.0,0.0
2022-08-09,23388.0,23398.0,23380.0,23388.0,23388.0,0.0
2022-08-10,23385.0,23388.0,23380.0,23385.0,23385.0,0.0
2022-08-11,23385.0,23390.0,23375.0,23385.0,23385.0,0.0
2022-08-12,23390.0,23397.0,23375.0,23390.0,23390.0,0.0
2022-08-15,23392.0,23400.0,23390.0,23392.0,23392.0,0.0
2022-08-16,23400.0,23407.0,23380.0,23400.0,23400.0,0.0
2022-08-17,23403.0,23406.0,23395.0,23403.0,23403.0,0.0
2022-08-18,23401.0,23401.0,23390.0,23401.0,23401.0,0.0
2022-08-19,23401.0,23401.0,23395.0,23401.0,23401.0,0.0
2022-08-22,23400.0,23410.0,23397.0,23400.0,23400.0,0.0
2022-08-23,23410.0,23430.0,23400.0,23410.0,23410.0,0.0
2022-08-24,23430.0,23480.0,23400.0,23430.0,23430.0,0.0
2022-08-25,23425.0,23440.0,23410.0,23425.0,23425.0,0.0
2022-08-26,23423.0,23431.0,23408.0,23423.0,23423.0,0.0
2022-08-29,23412.0,23440.0,23390.0,23412.0,23412.0,0.0
2022-08-30,23430.0,23430.0,23400.0,23430.0,23430.0,0.0
2022-08-31,23415.0,23455.0,23415.0,23415.0,23415.0,0.0
2022-09-05,23450.0,23535.0,23440.0,23450.0,23450.0,0.0
2022-09-06,23505.0,23540.0,23470.0,23505.0,23505.0,0.0
2022-09-07,23520.0,23620.0,23520.0,23520.0,23520.0,0.0
2022-09-08,23580.0,23580.0,23500.0,23580.0,23580.0,0.0
2022-09-09,23542.0,23565.0,23515.0,23542.0,23542.0,0.0
2022-09-12,23515.0,23525.0,23500.0,23515.0,23515.0,0.0
2022-09-13,23520.0,23555.0,23518.0,23520.0,23520.0,0.0
2022-09-14,23553.0,23600.0,23553.0,23553.0,23553.0,0.0
2022-09-15,23590.0,23620.0,23590.0,23590.0,23590.0,0.0
2022-09-16,23620.0,23665.0,23600.0,23620.0,23620.0,0.0
2022-09-19,23650.0,23672.0,23650.0,23650.0,23650.0,0.0
2022-09-20,23670.0,23674.0,23660.0,23670.0,23670.0,0.0
2022-09-21,23670.0,23694.0,23660.0,23670.0,23670.0,0.0
2022-09-22,23690.0,23710.0,23690.0,23690.0,23690.0,0.0
2022-09-23,23700.0,23710.0,23700.0,23700.0,23700.0,0.0
2022-09-26,23700.0,23735.0,23700.0,23700.0,23700.0,0.0
2022-09-27,23715.0,23731.0,23715.0,23715.0,23715.0,0.0
2022-09-28,23730.0,23775.0,23727.0,23730.0,23730.0,0.0
2022-09-29,23730.0,23840.0,23730.0,23730.0,23730.0,0.0
2022-09-30,23820.0,23875.0,23800.0,23820.0,23820.0,0.0
2022-10-03,23855.0,23907.0,23820.0,23855.0,23855.0,0.0
2022-10-04,23880.0,23887.0,23850.0,23880.0,23880.0,0.0
2022-10-05,23875.0,23880.0,23860.0,23875.0,23875.0,0.0
2022-10-06,23865.0,23880.0,23860.0,23865.0,23865.0,0.0
2022-10-07,23870.0,23890.0,23850.0,23870.0,23870.0,0.0
2022-10-10,23875.0,23890.0,23870.0,23875.0,23875.0,0.0
2022-10-11,23870.0,23930.0,23870.0,23870.0,23870.0,0.0
2022-10-12,23925.0,23960.0,23888.0,23925.0,23925.0,0.0
2022-10-13,23945.0,24130.0,23945.0,23945.0,23945.0,0.0
2022-10-14,24120.0,24167.0,24080.0,24120.0,24120.0,0.0
2022-10-17,24110.0,24330.0,24110.0,24110.0,24110.0,0.0
2022-10-18,24310.0,24430.0,24310.0,24310.0,24310.0,0.0
2022-10-19,24430.0,24560.0,24430.0,24430.0,24430.0,0.0
2022-10-20,24450.0,24558.0,24430.0,24450.0,24450.0,0.0
2022-10-21,24530.0,24820.0,24530.0,24530.0,24530.0,0.0
2022-10-24,24820.0,24860.0,24790.0,24820.0,24820.0,0.0
2022-10-25,24830.0,24855.0,24810.0,24830.0,24830.0,0.0
2022-10-26,24840.0,24855.0,24820.0,24840.0,24840.0,0.0
2022-10-27,24830.0,24847.0,24800.0,24830.0,24830.0,0.0
2022-10-28,24830.0,24835.0,24805.0,24830.0,24830.0,0.0
2022-10-31,24820.0,24850.0,24820.0,24820.0,24820.0,0.0
2022-11-01,24840.0,24870.0,24820.0,24840.0,24840.0,0.0
2022-11-02,24850.0,24870.0,24830.0,24850.0,24850.0,0.0
2022-11-03,24835.0,24870.0,24835.0,24835.0,24835.0,0.0
2022-11-04,24860.0,24876.0,24830.0,24860.0,24860.0,0.0
2022-11-07,24870.0,24873.0,24830.0,24870.0,24870.0,0.0
2022-11-08,24870.0,24871.0,24850.0,24870.0,24870.0,0.0
2022-11-09,24871.0,24871.0,24850.0,24871.0,24871.0,0.0
2022-11-10,24862.0,24869.0,24850.0,24862.0,24862.0,0.0
2022-11-11,24865.0,24865.0,24790.0,24865.0,24865.0,0.0
2022-11-14,24805.0,24805.0,24720.0,24805.0,24805.0,0.0
2022-11-15,24735.0,24820.0,24735.0,24735.0,24735.0,0.0
2022-11-16,24765.0,24800.0,24760.0,24765.0,24765.0,0.0
2022-11-17,24775.0,24810.0,24775.0,24775.0,24775.0,0.0
2022-11-18,24805.0,24814.0,24780.0,24805.0,24805.0,0.0
2022-11-21,24800.0,24835.0,24800.0,24800.0,24800.0,0.0
2022-11-22,24835.0,24852.0,24835.0,24835.0,24835.0,0.0
2022-11-23,24850.0,24850.0,24830.0,24850.0,24850.0,0.0
2022-11-24,24844.0,24848.0,24830.0,24844.0,24844.0,0.0
2022-11-25,24833.0,24850.0,24745.0,24833.0,24833.0,0.0
2022-11-28,24760.0,24800.0,24760.0,24760.0,24760.0,0.0
2022-11-29,24770.0,24780.0,24700.0,24770.0,24770.0,0.0
2022-11-30,24750.0,24750.0,24630.0,24750.0,24750.0,0.0
2022-12-01,24630.0,24535.0,24475.0,24630.0,24630.0,0.0
2022-12-02,24500.0,24430.0,24350.0,24500.0,24500.0,0.0
2022-12-05,24350.0,24350.0,23900.0,24350.0,24350.0,0.0
2022-12-06,23980.0,24070.0,23980.0,23980.0,23980.0,0.0
2022-12-07,23980.0,24000.0,23810.0,23980.0,23980.0,0.0
2022-12-08,23900.0,23900.0,23780.0,23900.0,23900.0,0.0
2022-12-09,23780.0,23780.0,23490.0,23780.0,23780.0,0.0
2022-12-12,23550.0,23680.0,23500.0,23550.0,23550.0,0.0
2022-12-13,23680.0,23680.0,23570.0,23680.0,23680.0,0.0
2022-12-14,23600.0,23600.0,23450.0,23600.0,23600.0,0.0
2022-12-15,23520.0,23529.0,23480.0,23520.0,23520.0,0.0
2022-12-16,23500.0,23590.0,23515.0,23500.0,23500.0,0.0
2022-12-19,23580.0,23700.0,23580.0,23580.0,23580.0,0.0
2022-12-20,23700.0,23830.0,23700.0,23700.0,23700.0,0.0
2022-12-21,23730.0,23740.0,23670.0,23730.0,23730.0,0.0
2022-12-22,23700.0,23715.0,23630.0,23700.0,23700.0,0.0
2022-12-23,23630.0,23630.0,23550.0,23630.0,23630.0,0.0
2022-12-26,23560.0,23645.0,23560.0,23560.0,23560.0,0.0
2022-12-27,23590.0,23602.0,23550.0,23590.0,23590.0,0.0
2022-12-28,23580.0,23625.0,23570.0,23580.0,23580.0,0.0
2022-12-29,23620.0,23660.0,23600.0,23620.0,23620.0,0.0
2022-12-30,23600.0,23630.0,23540.0,23600.0,23600.0,0.0
2023-01-03,23610.0,23610.0,23475.0,23610.0,23610.0,0.0
2023-01-04,23515.0,23545.0,23500.0,23515.0,23515.0,0.0
2023-01-05,23510.0,23510.0,23460.0,23510.0,23510.0,0.0
2023-01-06,23475.0,23480.0,23450.0,23475.0,23475.0,0.0
2023-01-09,23460.0,23480.0,23447.0,23460.0,23460.0,0.0
2023-01-10,23447.0,23480.0,23445.0,23447.0,23447.0,0.0
2023-01-11,23445.0,23450.0,23440.0,23445.0,23445.0,0.0
2023-01-12,23440.0,23449.0,23437.0,23440.0,23440.0,0.0
2023-01-13,23438.0,23448.0,23435.0,23438.0,23438.0,0.0
2023-01-16,23435.0,23445.0,23422.0,23435.0,23435.0,0.0
2023-01-17,23434.0,23445.0,23425.0,23434.0,23434.0,0.0
2023-01-18,23427.0,23450.0,23425.0,23427.0,23427.0,0.0
2023-01-19,23437.0,23475.0,23430.0,23437.0,23437.0,0.0
2023-01-27,23440.0,23475.0,23440.0,23440.0,23440.0,0.0
2023-01-30,23460.0,23470.0,23440.0,23460.0,23460.0,0.0
2023-01-31,23470.0,23470.0,23440.0,23470.0,23470.0,0.0
2023-02-01,23445.0,23490.0,23440.0,23445.0,23445.0,0.0
2023-02-02,23440.0,23449.0,23435.0,23440.0,23440.0,0.0
2023-02-03,23449.0,23500.0,23440.0,23449.0,23449.0,0.0
2023-02-06,23440.0,23500.0,23440.0,23440.0,23440.0,0.0
2023-02-07,23480.0,23600.0,23480.0,23480.0,23480.0,0.0
2023-02-08,23600.0,23600.0,23580.0,23600.0,23600.0,0.0
2023-02-09,23590.0,23630.0,23555.0,23590.0,23590.0,0.0
2023-02-10,23560.0,23620.0,23560.0,23560.0,23560.0,0.0
2023-02-13,23565.0,23600.0,23547.0,23565.0,23565.0,0.0
2023-02-14,23595.0,23615.0,23585.0,23595.0,23595.0,0.0
2023-02-15,23600.0,23633.0,23600.0,23600.0,23600.0,0.0
2023-02-16,23615.0,23685.0,23605.0,23615.0,23615.0,0.0
2023-02-17,23680.0,23820.0,23680.0,23680.0,23680.0,0.0
2023-02-20,23810.0,23840.0,23680.0,23810.0,23810.0,0.0
2023-02-21,23725.0,23770.0,23680.0,23725.0,23725.0,0.0
2023-02-22,23705.0,23790.0,23705.0,23705.0,23705.0,0.0
2023-02-23,23780.0,23850.0,23760.0,23780.0,23780.0,0.0
2023-02-24,23815.0,23815.0,23760.0,23815.0,23815.0,0.0
2023-02-27,23780.0,23820.0,23780.0,23780.0,23780.0,0.0
2023-02-28,23805.0,23805.0,23740.0,23805.0,23805.0,0.0
2023-03-01,23740.0,23780.0,23710.0,23740.0,23740.0,0.0
2023-03-02,23710.0,23730.0,23690.0,23710.0,23710.0,0.0
2023-03-03,23700.0,23727.0,23700.0,23700.0,23700.0,0.0
2023-03-06,23710.0,23710.0,23645.0,23710.0,23710.0,0.0
2023-03-07,23650.0,23660.0,23615.0,23650.0,23650.0,0.0
2023-03-08,23640.0,23750.0,23680.0,23640.0,23640.0,0.0
2023-03-09,23710.0,23712.0,23680.0,23710.0,23710.0,0.0
2023-03-10,23680.0,23700.0,23660.0,23680.0,23680.0,0.0
2023-03-13,23660.0,23660.0,23530.0,23660.0,23660.0,0.0
2023-03-14,23570.0,23600.0,23560.0,23570.0,23570.0,0.0
2023-03-15,23570.0,23595.0,23565.0,23570.0,23570.0,0.0
2023-03-16,23565.0,23580.0,23555.0,23565.0,23565.0,0.0
2023-03-17,23560.0,23595.0,23560.0,23560.0,23560.0,0.0
2023-03-20,23570.0,23580.0,23570.0,23570.0,23570.0,0.0
2023-03-21,23570.0,23585.0,23570.0,23570.0,23570.0,0.0
2023-03-22,23570.0,23570.0,23480.0,23570.0,23570.0,0.0
2023-03-23,23510.0,23510.0,23480.0,23510.0,23510.0,0.0
2023-03-24,23490.0,23510.0,23490.0,23490.0,23490.0,0.0
2023-03-27,23510.0,23525.0,23500.0,23510.0,23510.0,0.0
2023-03-28,23500.0,23515.0,23480.0,23500.0,23500.0,0.0
2023-03-29,23480.0,23510.0,23475.0,23480.0,23480.0,0.0
2023-03-30,23480.0,23484.0,23470.0,23480.0,23480.0,0.0
2023-03-31,23470.0,23505.0,23450.0,23470.0,23470.0,0.0
2023-04-03,23450.0,23475.0,23450.0,23450.0,23450.0,0.0
2023-04-04,23470.0,23490.0,23460.0,23470.0,23470.0,0.0
2023-04-05,23460.0,23465.0,23450.0,23460.0,23460.0,0.0
2023-04-06,23465.0,23470.0,23445.0,23465.0,23465.0,0.0
2023-04-07,23451.0,23451.0,23440.0,23451.0,23451.0,0.0
2023-04-10,23442.0,23450.0,23437.0,23442.0,23442.0,0.0
2023-04-11,23442.0,23449.0,23439.0,23442.0,23442.0,0.0
2023-04-12,23445.0,23449.0,23440.0,23445.0,23445.0,0.0
2023-04-13,23442.0,23447.0,23435.0,23442.0,23442.0,0.0
2023-04-14,23440.0,23447.0,23440.0,23440.0,23440.0,0.0
2023-04-17,23440.0,23490.0,23440.0,23440.0,23440.0,0.0
2023-04-18,23485.0,23509.0,23485.0,23485.0,23485.0,0.0
2023-04-19,23505.0,23511.0,23451.0,23505.0,23505.0,0.0
2023-04-20,23511.0,23505.0,23475.0,23511.0,23511.0,0.0
2023-04-21,23488.0,23496.0,23445.0,23488.0,23488.0,0.0
2023-04-24,23485.0,23494.0,23470.0,23485.0,23485.0,0.0
2023-04-25,23494.0,23494.0,23470.0,23494.0,23494.0,0.0
2023-04-26,23473.0,23490.0,23465.0,23473.0,23473.0,0.0
2023-04-27,23465.0,23480.0,23445.0,23465.0,23465.0,0.0
2023-04-28,23445.0,23460.0,23445.0,23445.0,23445.0,0.0
2023-05-04,23450.0,23455.0,23440.0,23450.0,23450.0,0.0
2023-05-05,23445.0,23450.0,23440.0,23445.0,23445.0,0.0
2023-05-08,23440.0,23450.0,23440.0,23440.0,23440.0,0.0
2023-05-09,23443.0,23463.0,23443.0,23443.0,23443.0,0.0
2023-05-10,23460.0,23470.0,23448.0,23460.0,23460.0,0.0
2023-05-11,23465.0,23470.0,23460.0,23465.0,23465.0,0.0
2023-05-12,23465.0,23468.0,23450.0,23465.0,23465.0,0.0
2023-05-15,23450.0,23468.0,23440.0,23450.0,23450.0,0.0
2023-05-16,23452.0,23455.0,23445.0,23452.0,23452.0,0.0
2023-05-17,23450.0,23451.0,23442.0,23450.0,23450.0,0.0
2023-05-18,23450.0,23450.0,23400.0,23450.0,23450.0,0.0
2023-05-19,23450.0,23485.0,23425.0,23450.0,23450.0,0.0
2023-05-22,23460.0,23460.0,23434.0,23460.0,23460.0,0.0
2023-05-23,23438.0,23475.0,23438.0,23438.0,23438.0,0.0
2023-05-24,23470.0,23500.0,23444.0,23470.0,23470.0,0.0
2023-05-25,23470.0,23480.0,23465.0,23470.0,23470.0,0.0
2023-05-26,23470.0,23480.0,23470.0,23470.0,23470.0,0.0
2023-05-29,23475.0,23477.0,23464.0,23475.0,23475.0,0.0
2023-05-30,23465.0,23487.0,23465.0,23465.0,23465.0,0.0
2023-05-31,23480.0,23494.0,23480.0,23480.0,23480.0,0.0
2023-06-01,23485.0,23490.0,23470.0,23485.0,23485.0,0.0
2023-06-02,23485.0,23485.0,23450.0,23485.0,23485.0,0.0
2023-06-05,23475.0,23504.0,23465.0,23475.0,23475.0,0.0
2023-06-06,23495.0,23495.0,23465.0,23495.0,23495.0,0.0
2023-06-07,23485.0,23490.0,23470.0,23485.0,23485.0,0.0
2023-06-08,23485.0,23495.0,23484.0,23485.0,23485.0,0.0
2023-06-09,23490.0,23490.0,23470.0,23490.0,23490.0,0.0
2023-06-12,23470.0,23482.0,23465.0,23470.0,23470.0,0.0
2023-06-13,23480.0,23498.0,23480.0,23480.0,23480.0,0.0
2023-06-14,23495.0,23508.0,23495.0,23495.0,23495.0,0.0
2023-06-15,23500.0,23538.0,23470.0,23500.0,23500.0,0.0
2023-06-16,23525.0,23535.0,23510.0,23525.0,23525.0,0.0
2023-06-19,23520.0,23523.0,23505.0,23520.0,23520.0,0.0
2023-06-20,23520.0,23530.0,23510.0,23520.0,23520.0,0.0
2023-06-21,23520.0,23528.0,23505.0,23520.0,23520.0,0.0
2023-06-22,23505.0,23518.0,23495.0,23505.0,23505.0,0.0
2023-06-23,23515.0,23520.0,23495.0,23515.0,23515.0,0.0
2023-06-26,23515.0,23530.0,23485.0,23515.0,23515.0,0.0
2023-06-27,23530.0,23538.0,23510.0,23530.0,23530.0,0.0
2023-06-28,23520.0,23555.0,23520.0,23520.0,23520.0,0.0
2023-06-29,23555.0,23577.0,23543.0,23555.0,23555.0,0.0
2023-06-30,23569.0,23588.0,23569.0,23569.0,23569.0,0.0
2023-07-03,23575.0,23695.0,23543.0,23575.0,23575.0,0.0
2023-07-04,23695.0,23700.0,23650.0,23695.0,23695.0,0.0
2023-07-05,23700.0,23780.0,23700.0,23700.0,23700.0,0.0
2023-07-06,23745.0,23765.0,23700.0,23745.0,23745.0,0.0
2023-07-07,23710.0,23710.0,23630.0,23710.0,23710.0,0.0
2023-07-10,23635.0,23665.0,23601.0,23635.0,23635.0,0.0
2023-07-11,23640.0,23705.0,23625.0,23640.0,23640.0,0.0
2023-07-12,23690.0,23680.0,23650.0,23690.0,23690.0,0.0
2023-07-13,23660.0,23670.0,23610.0,23660.0,23660.0,0.0
2023-07-14,23665.0,23665.0,23625.0,23665.0,23665.0,0.0
2023-07-17,23630.0,23670.0,23620.0,23630.0,23630.0,0.0
2023-07-18,23630.0,23643.0,23620.0,23630.0,23630.0,0.0
2023-07-19,23635.0,23647.0,23630.0,23635.0,23635.0,0.0
2023-07-20,23630.0,23685.0,23630.0,23630.0,23630.0,0.0
2023-07-21,23647.0,23665.0,23630.0,23647.0,23647.0,0.0
2023-07-24,23656.0,23668.0,23643.0,23656.0,23656.0,0.0
2023-07-25,23665.0,23682.0,23655.0,23665.0,23665.0,0.0
2023-07-26,23655.0,23675.0,23655.0,23655.0,23655.0,0.0
2023-07-27,23665.0,23670.0,23650.0,23665.0,23665.0,0.0
2023-07-28,23661.0,23692.0,23660.0,23661.0,23661.0,0.0
2023-07-31,23685.0,23685.0,23660.0,23685.0,23685.0,0.0
2023-08-01,23680.0,23685.0,23660.0,23680.0,23680.0,0.0
2023-08-02,23680.0,23743.0,23660.0,23680.0,23680.0,0.0
2023-08-03,23735.0,23768.0,23735.0,23735.0,23735.0,0.0
2023-08-04,23750.0,23757.0,23725.0,23750.0,23750.0,0.0
2023-08-07,23725.0,23740.0,23670.0,23725.0,23725.0,0.0
2023-08-08,23720.0,23738.0,23692.0,23720.0,23720.0,0.0
2023-08-09,23730.0,23743.0,23680.0,23730.0,23730.0,0.0
2023-08-10,23735.0,23750.0,23705.0,23735.0,23735.0,0.0
2023-08-11,23740.0,23750.0,23680.0,23740.0,23740.0,0.0
2023-08-14,23750.0,23816.0,23720.0,23750.0,23750.0,0.0
2023-08-15,23815.0,23965.0,23815.0,23815.0,23815.0,0.0
2023-08-16,23965.0,24000.0,23905.0,23965.0,23965.0,0.0
2023-08-17,23935.0,23960.0,23850.0,23935.0,23935.0,0.0
2023-08-18,23850.0,23860.0,23770.0,23850.0,23850.0,0.0
2023-08-21,23850.0,23860.0,23770.0,23850.0,23850.0,0.0
2023-08-22,23850.0,23860.0,23770.0,23850.0,23850.0,0.0
2023-08-23,23850.0,23860.0,23770.0,23850.0,23850.0,0.0
2023-08-24,23900.0,23960.0,23960.0,23900.0,23900.0,0.0
2023-08-25,23900.0,23975.0,23960.0,23900.0,23900.0,0.0
2023-08-28,23975.0,24080.0,23950.0,23975.0,23975.0,0.0
2023-08-29,24080.0,24195.0,24080.0,24080.0,24080.0,0.0
2023-08-30,24180.0,24183.0,24100.0,24180.0,24180.0,0.0
2023-08-31,24110.0,24110.0,24050.0,24110.0,24110.0,0.0
2023-09-05,24060.0,24110.0,23975.0,24060.0,24060.0,0.0
2023-09-06,24050.0,24095.0,23990.0,24050.0,24050.0,0.0
2023-09-07,24055.0,24095.0,24025.0,24055.0,24055.0,0.0
2023-09-08,24060.0,24100.0,24025.0,24060.0,24060.0,0.0
2023-09-11,24055.0,24075.0,24025.0,24055.0,24055.0,0.0
2023-09-12,24075.0,24100.0,24070.0,24075.0,24075.0,0.0
2023-09-13,24100.0,24160.0,24080.0,24100.0,24100.0,0.0
2023-09-14,24080.0,24230.0,24155.0,24080.0,24080.0,0.0
2023-09-15,24220.0,24260.0,24220.0,24220.0,24220.0,0.0
2023-09-18,24250.0,24370.0,24225.0,24250.0,24250.0,0.0
2023-09-19,24370.0,24408.0,24370.0,24370.0,24370.0,0.0
2023-09-20,24370.0,24370.0,23350.0,24370.0,24370.0,0.0
2023-09-21,24270.0,24320.0,24240.0,24270.0,24270.0,0.0
2023-09-22,24310.0,24360.0,24300.0,24310.0,24310.0,0.0
2023-09-25,24360.0,24385.0,24320.0,24360.0,24360.0,0.0
2023-09-26,24380.0,24435.0,24360.0,24380.0,24380.0,0.0
2023-09-27,24380.0,24430.0,24369.0,24380.0,24380.0,0.0
2023-09-28,24385.0,24430.0,24380.0,24385.0,24385.0,0.0
2023-09-29,24385.0,24410.0,24245.0,24385.0,24385.0,0.0
2023-10-02,24280.0,24340.0,24260.0,24280.0,24280.0,0.0
2023-10-03,24340.0,24408.0,24320.0,24340.0,24340.0,0.0
2023-10-04,24385.0,24430.0,24365.0,24385.0,24385.0,0.0
2023-10-05,24420.0,24426.0,24370.0,24420.0,24420.0,0.0
2023-10-06,24380.0,24426.0,24350.0,24380.0,24380.0,0.0
2023-10-09,24360.0,24375.0,24345.0,24360.0,24360.0,0.0
2023-10-10,24370.0,24415.0,24370.0,24370.0,24370.0,0.0
2023-10-11,24390.0,24440.0,24375.0,24390.0,24390.0,0.0
2023-10-12,24440.0,24450.0,24420.0,24440.0,24440.0,0.0
2023-10-13,24435.0,24470.0,24435.0,24435.0,24435.0,0.0
2023-10-16,24440.0,24473.0,24415.0,24440.0,24440.0,0.0
2023-10-17,24460.0,24493.0,24450.0,24460.0,24460.0,0.0
2023-10-18,24490.0,24555.0,24475.0,24490.0,24490.0,0.0
2023-10-19,24555.0,24585.0,24480.0,24555.0,24555.0,0.0
2023-10-20,24550.0,24575.0,24470.0,24550.0,24550.0,0.0
2023-10-23,24520.0,24605.0,24500.0,24520.0,24520.0,0.0
2023-10-24,24590.0,24590.0,24515.0,24590.0,24590.0,0.0
2023-10-25,24550.0,24575.0,24548.0,24550.0,24550.0,0.0
2023-10-26,24560.0,24610.0,24560.0,24560.0,24560.0,0.0
2023-10-27,24604.0,24604.0,24550.0,24604.0,24604.0,0.0
2023-10-30,24570.0,24570.0,24550.0,24570.0,24570.0,0.0
2023-10-31,24558.0,24567.0,24540.0,24558.0,24558.0,0.0
2023-11-01,24560.0,24586.0,24550.0,24560.0,24560.0,0.0
2023-11-02,24585.0,24585.0,24550.0,24585.0,24585.0,0.0
2023-11-03,24570.0,24570.0,24520.0,24570.0,24570.0,0.0
2023-11-06,24520.0,24560.0,24300.0,24520.0,24520.0,0.0
2023-11-07,24335.0,24345.0,24255.0,24335.0,24335.0,0.0
2023-11-08,24310.0,24370.0,24280.0,24310.0,24310.0,0.0
2023-11-09,24370.0,24385.0,24320.0,24370.0,24370.0,0.0
2023-11-10,24340.0,24370.0,24290.0,24340.0,24340.0,0.0
2023-11-13,24315.0,24391.0,24310.0,24315.0,24315.0,0.0
2023-11-14,24381.0,24383.0,24350.0,24381.0,24381.0,0.0
2023-11-15,24376.0,24376.0,24267.0,24376.0,24376.0,0.0
2023-11-16,24286.0,24305.0,24280.0,24286.0,24286.0,0.0
2023-11-17,24288.0,24290.0,24220.0,24288.0,24288.0,0.0
2023-11-20,24250.0,24250.0,24160.0,24250.0,24250.0,0.0
2023-11-21,24170.0,24170.0,24090.0,24170.0,24170.0,0.0
2023-11-22,24130.0,24205.0,24130.0,24130.0,24130.0,0.0
2023-11-23,24205.0,24240.0,24165.0,24205.0,24205.0,0.0
2023-11-24,24240.0,24272.0,24130.0,24240.0,24240.0,0.0
2023-11-27,24260.0,24260.0,24215.0,24260.0,24260.0,0.0
2023-11-28,24230.0,24250.0,23240.0,24230.0,24230.0,0.0
2023-11-29,24240.0,24260.0,24180.0,24240.0,24240.0,0.0
2023-11-30,24260.0,24270.0,24195.0,24260.0,24260.0,0.0
2023-12-01,24250.0,24305.0,24250.0,24250.0,24250.0,0.0
2023-12-04,24270.0,24290.0,24220.0,24270.0,24270.0,0.0
2023-12-05,24250.0,24277.0,24220.0,24250.0,24250.0,0.0
2023-12-06,24266.0,24295.0,24240.0,24266.0,24266.0,0.0
2023-12-07,24274.0,24280.0,24260.0,24274.0,24274.0,0.0
2023-12-08,24275.0,24275.0,24220.0,24275.0,24275.0,0.0
2023-12-11,24220.0,24270.0,24170.0,24220.0,24220.0,0.0
2023-12-12,24250.0,24275.0,24250.0,24250.0,24250.0,0.0
2023-12-13,24260.0,24279.0,24250.0,24260.0,24260.0,0.0
2023-12-14,24279.0,24279.0,24180.0,24279.0,24279.0,0.0
2023-12-15,24245.0,24260.0,24210.0,24245.0,24245.0,0.0
2023-12-18,24260.0,24360.0,24220.0,24260.0,24260.0,0.0
2023-12-19,24350.0,24373.0,24330.0,24350.0,24350.0,0.0
2023-12-20,24350.0,24343.0,24300.0,24350.0,24350.0,0.0
2023-12-21,24335.0,24340.0,24315.0,24335.0,24335.0,0.0
2023-12-22,24320.0,24320.0,24220.0,24320.0,24320.0,0.0
2023-12-25,24235.0,24260.0,24170.0,24235.0,24235.0,0.0
2023-12-26,24230.0,24325.0,24225.0,24230.0,24230.0,0.0
2023-12-27,24325.0,24380.0,24300.0,24325.0,24325.0,0.0
2023-12-28,24345.0,24325.0,24235.0,24345.0,24345.0,0.0
2023-12-29,24235.0,24265.0,24230.0,24235.0,24235.0,0.0
2024-01-02,24260.0,24330.0,24215.0,24260.0,24260.0,0.0
2024-01-03,24325.0,24375.0,24325.0,24325.0,24325.0,0.0
