time,Open,High,Low,Close,Volume,usd/vnd,Signal
2019-01-02,80.8,82.46,80.46,3.5552298008105545,403570,23.194,0
2019-01-03,82.46,82.46,80.86,3.523756143830301,449730,23.194,0
2019-01-04,81.46,83.12,80.46,3.5836854358885923,498470,23.194,0
2019-01-07,84.92,87.11,83.46,3.755712684314909,897430,23.194,0
2019-01-08,87.38,87.38,85.58,3.7272570492368717,448350,23.194,0
2019-01-09,86.45,88.11,85.78,3.781581443476761,636050,23.194,0
2019-01-10,87.71,87.78,87.05,3.77597654565836,301700,23.194,0
2019-01-11,87.58,89.11,87.58,3.841941881521083,954110,23.194,0
2019-01-14,88.44,89.77,88.38,3.8703975165991205,611420,23.194,0
2019-01-15,89.77,89.91,89.11,3.867810640682935,598510,23.194,0
2019-01-16,89.11,89.57,87.78,3.813055100457015,562220,23.194,0
2019-01-17,88.44,88.71,87.51,3.7902043631973785,514870,23.194,0
2019-01-18,88.44,89.71,88.44,3.841941881521083,545600,23.194,0
2019-01-21,89.18,89.18,87.98,3.836336983702682,279380,23.194,0
2019-01-22,89.24,89.77,88.44,3.841941881521083,399040,23.194,0
2019-01-23,89.71,89.77,88.98,3.8561696990601018,1028650,23.194,0
2019-01-24,89.77,90.11,89.31,3.8850564801241703,1077600,23.194,0
2019-01-25,90.44,90.64,90.17,3.896266275760973,813810,23.194,0
2019-01-28,90.77,90.84,90.37,3.9928388048496077,487650,22.733199219,0
2019-01-29,91.1,91.1,90.11,3.9135121152022077,371010,23.194,0
2019-01-30,90.84,90.84,90.11,3.8850564801241703,279280,23.194,0
2019-01-31,90.77,90.77,88.78,3.8703975165991205,812290,23.194,0
2019-02-01,90.31,90.31,88.44,3.8688962634142134,731430,23.203,0
2019-02-11,89.77,91.7,89.71,3.9846563665716044,1357210,22.862699219,0
2019-02-12,91.77,91.9,91.1,3.9550920139637116,957440,23.203,0
2019-02-13,91.77,92.03,90.57,3.9637115890186614,764480,23.203,0
2019-02-14,91.97,93.3,91.77,3.9951730379692285,1341090,23.203,0
2019-02-15,93.1,93.3,92.77,4.018014911864845,910160,23.203,0
2019-02-18,93.36,94.76,93.3,4.069732362194544,1082650,23.203,0
2019-02-19,95.09,95.29,94.69,4.086971512304443,1974200,23.203,0
2019-02-20,95.09,95.43,94.96,4.098176959875878,983460,23.203,0
2019-02-21,95.43,99.15,95.09,4.255915183381459,1859260,23.203,0
2019-02-22,99.08,99.42,98.62,4.267551609705642,814320,23.203,0
2019-02-25,99.08,101.48,98.88,4.411526595628295,1211040,22.8515,0
2019-02-26,99.75,101.08,96.42,4.187389561694609,806810,23.203,0
2019-02-27,97.29,99.75,97.29,4.233073309485842,484610,23.203,0
2019-02-28,98.75,98.75,93.83,4.044745236658333,976450,23.198,0
2019-03-01,95.69,95.69,94.03,4.053366669540478,868720,23.198,-1
2019-03-04,94.1,95.69,94.1,4.096473833951203,876760,23.198,0
2019-03-05,94.76,94.96,94.16,4.070609535304768,532510,23.198,0
2019-03-06,94.43,94.96,92.1,4.041727735149582,711250,23.198,0
2019-03-07,93.96,94.43,92.77,4.0046555737563585,708000,23.198,0
2019-03-08,92.43,92.77,90.17,3.927062677817053,980860,23.198,0
2019-03-11,90.77,92.37,90.77,4.014267237664035,423100,22.793699218999997,0
2019-03-12,91.77,92.77,91.77,3.9843952064833177,560360,23.198,0
2019-03-13,92.77,93.17,91.9,3.964565910854384,616010,23.198,0
2019-03-14,92.43,92.43,90.9,3.9417191137166996,920860,23.198,0
2019-03-15,91.24,91.77,90.77,3.927062677817053,1254050,23.198,0
2019-03-18,91.77,92.17,91.44,3.955944477972239,910690,23.198,0
2019-03-19,91.77,91.77,90.84,3.92447624795241,936230,23.198,0
2019-03-20,90.77,92.1,89.91,3.970169842227778,1269860,23.198,0
2019-03-21,92.43,93.03,90.44,3.8986119493059745,885480,23.198,0
2019-03-22,90.44,91.1,90.11,3.9128373135615138,526570,23.198,0
2019-03-25,89.57,90.77,89.51,3.9804768017281154,582580,22.803800781000003,0
2019-03-26,90.77,91.37,90.44,3.9128373135615138,684470,23.198,0
2019-03-27,90.84,91.24,90.64,3.9128373135615138,682000,23.198,0
2019-03-28,90.7,90.77,89.91,3.8757651521682903,816770,23.198,0
2019-03-29,89.91,90.77,89.64,3.8641262177773945,1357400,23.198,0
2019-04-01,90.11,92.17,89.77,3.973187343736529,796720,23.198,0
2019-04-02,93.03,93.03,91.3,3.9843952064833177,1233340,23.198,0
2019-04-03,92.43,92.43,91.5,3.970169842227778,683970,23.198,1
2019-04-04,92.03,92.97,91.77,3.955944477972239,469730,23.198,0
2019-04-05,91.77,91.77,90.64,3.9072333821881196,1017700,23.198,0
2019-04-08,91.37,91.57,90.77,3.9330976808345546,546190,23.198,0
2019-04-09,91.7,91.7,89.77,3.881369083541685,1148040,23.198,-1
2019-04-10,89.77,90.77,89.77,3.8783515820329337,873110,23.198,0
2019-04-11,89.97,90.57,89.97,3.8869730149150787,383850,23.198,0
2019-04-12,90.17,90.51,89.71,3.8899905164238295,684520,23.198,0
2019-04-16,89.77,90.7,89.77,3.9042500377733167,514140,23.1645,0
2019-04-17,90.7,91.04,89.71,3.874824646595446,864260,23.1675,0
2019-04-18,89.77,90.11,89.71,3.8815377641548126,601240,23.1635,0
2019-04-19,90.11,90.17,88.11,3.8172518721540016,599290,23.1685,0
2019-04-22,87.11,87.78,85.92,3.7182612447416683,1417290,23.1775,0
2019-04-23,85.19,86.12,84.25,3.6928686989946105,974950,22.868400390999998,0
2019-04-24,84.99,86.12,84.72,3.714871131241238,482490,23.1825,0
2019-04-25,86.18,86.25,85.32,3.7148229333265737,414330,23.182800781,0
2019-04-26,86.32,86.65,85.98,3.7230968298468836,565240,23.185,0
2019-05-02,86.45,87.18,86.25,3.7192712506237857,736990,23.243800781,0
2019-05-03,87.11,87.11,86.38,3.749085431461158,486390,23.235,0
2019-05-06,86.65,86.65,85.12,3.697641864972542,368910,23.2175,0
2019-05-07,86.38,86.45,85.92,3.704643709805777,723470,23.2465,0
2019-05-08,85.19,85.85,85.12,3.659501289767842,628830,23.26,0
2019-05-09,85.45,85.85,85.12,3.6537019179256403,287680,23.3325,0
2019-05-10,85.45,86.52,85.45,3.70297453456024,366690,23.365,0
2019-05-13,86.32,89.04,86.32,3.8194101876675606,974030,23.3125,1
2019-05-14,87.91,90.7,87.91,3.868378123121834,1097910,23.294,0
2019-05-15,90.11,90.7,89.37,3.862497322767188,355850,23.345,0
2019-05-16,89.97,90.7,89.77,3.8943752683555175,702130,23.29,0
2019-05-17,90.77,90.77,90.11,3.8744968579486714,435380,23.272699219,0
2019-05-20,89.77,91.5,89.57,3.91480252595526,450900,23.3575,0
2019-05-21,91.1,91.1,88.78,3.798481120975506,762310,23.3725,0
2019-05-23,87.25,88.44,87.25,3.811511392895922,429290,23.048599609,0
2019-05-24,87.11,88.78,86.71,3.7158516742313954,765150,23.354,0
2019-05-27,87.11,89.11,86.38,3.875999470520291,320060,22.990199218999997,0
2019-05-28,89.11,89.44,87.58,3.758509955041747,608790,23.355,0
2019-05-29,88.04,88.91,87.65,3.8280953510924873,271730,23.087199219,0
2019-05-30,88.31,88.44,87.45,3.7423772333369,542710,23.3675,0
2019-05-31,87.38,87.65,86.12,3.6830649529983166,711390,23.382699219,-1
2019-06-03,86.12,86.52,84.52,3.709595115011759,717990,22.945900391,0
2019-06-04,85.45,85.78,85.12,3.661037265352426,472650,23.3595,0
2019-06-05,86.53,86.93,85.45,3.672124130551097,358780,23.3625,0
2019-06-06,85.79,85.99,84.71,3.6414973262032087,548650,23.375,0
2019-06-07,84.98,85.72,84.98,3.6451557685724074,362030,23.368,0
2019-06-10,85.45,85.99,84.71,3.655080900607825,561260,23.362,0
2019-06-11,85.45,85.45,84.38,3.619374196313759,565400,23.33,0
2019-06-12,84.24,84.65,84.18,3.6108015430775824,699880,23.33,0
2019-06-13,84.24,84.24,82.63,3.5601554615533275,1125310,23.2855,0
2019-06-14,82.76,83.57,82.69,3.574404122825854,665880,23.285,0
2019-06-17,83.23,83.3,82.63,3.613275738566064,632730,23.0345,0
2019-06-18,82.76,83.23,82.76,3.549646150546858,1039070,23.315,0
2019-06-19,82.76,83.23,82.76,3.56336637912536,929690,23.301,0
2019-06-20,83.1,83.1,82.83,3.560515021459227,1010200,23.3,0
2019-06-21,84.44,84.44,82.96,3.629486352890608,2613920,23.265,0
2019-06-24,84.71,84.71,82.83,3.6207461805783225,615090,22.8765,1
2019-06-25,82.83,83.57,82.83,3.569263836646964,704890,23.2625,0
2019-06-26,82.83,83.37,82.76,3.570722712380764,497730,23.272599609,0
2019-06-27,83.1,83.3,82.69,3.559518693596906,802160,23.27,0
2019-06-28,82.76,82.9,81.75,3.554982817869416,919970,23.28,0
2019-07-01,82.76,84.18,82.76,3.61374865735768,991440,23.275,0
2019-07-02,84.11,84.85,83.84,3.6603820151324213,716810,22.997599609,0
2019-07-03,84.24,84.98,83.97,3.701973124178932,657870,22.901300781000003,0
2019-07-04,84.92,85.18,84.85,3.6579797544690935,613870,23.215,0
2019-07-05,84.92,85.18,84.58,3.6579797544690935,520290,23.215,0
2019-07-08,84.58,84.58,83.44,3.601767050964335,969080,23.2025,0
2019-07-09,83.57,84.11,83.17,3.6250404051287575,951440,23.2025,0
2019-07-10,84.11,84.44,83.97,3.6250404051287575,420940,23.2025,0
2019-07-11,84.44,84.44,84.11,3.6306432496498218,277200,23.2025,0
2019-07-12,84.24,84.31,83.44,3.596164206443271,370730,23.2025,0
2019-07-15,83.37,83.44,82.9,3.5728908522788494,703320,23.2025,0
2019-07-16,83.3,83.57,83.1,3.6017525305937452,512540,23.1665,0
2019-07-17,83.44,84.71,83.37,3.642406975740309,965170,23.166,0
2019-07-18,84.11,84.38,83.77,3.6188626308406175,707720,23.1675,0
2019-07-19,83.84,85.52,83.84,3.6838107802027533,1381230,23.179800781,0
2019-07-22,85.12,85.12,84.44,3.687159195046493,721980,22.901099609,0
2019-07-23,84.44,84.51,83.97,3.6382451223455856,764550,23.1925,0
2019-07-24,84.78,85.39,84.24,3.646601941747573,593800,23.175,0
2019-07-25,84.11,84.44,84.11,3.632362459546926,686030,23.175,0
2019-07-26,84.31,84.71,83.77,3.6146554454276476,526110,23.175099609,0
2019-07-29,83.5,83.7,82.76,3.5855284447608566,1095840,23.1765,-1
2019-07-30,84.11,84.51,83.1,3.5808161330632995,921500,23.207,0
2019-07-31,83.1,83.44,82.69,3.5721980436937133,816150,23.207,0
2019-08-01,83.1,83.77,82.9,3.6010686430818284,502790,23.207,0
2019-08-02,83.1,83.57,82.96,3.595466884991597,471510,23.207,0
2019-08-05,83.1,83.7,82.09,3.537294781746887,882750,23.207,0
2019-08-06,81.42,81.42,80.21,3.4851553410608864,938500,23.207,0
2019-08-07,80.88,81.95,80.88,3.508424182358771,731780,23.207,0
2019-08-08,81.42,81.82,80.88,3.5054078510794153,570640,23.207,0
2019-08-09,81.35,81.89,81.28,3.508424182358771,726150,23.207,0
2019-08-12,81.42,81.42,81.01,3.496789761709829,442330,23.207,0
2019-08-13,80.74,80.88,79.4,3.421381479725945,1178780,23.207,0
2019-08-14,80.21,80.68,79.87,3.441633989744474,677360,23.207,0
2019-08-15,78.93,82.09,78.93,3.537294781746887,673120,23.207,0
2019-08-16,81.42,84.58,81.08,3.598052311802473,1074270,23.207,1
2019-08-19,83.77,84.24,83.7,3.6213211531003577,758210,23.207,0
2019-08-20,84.04,84.04,83.5,3.6066704011720603,787020,23.207,0
2019-08-21,83.44,83.64,83.1,3.592450553712242,580860,23.207,0
2019-08-22,83.37,83.64,83.3,3.595466884991597,525610,23.207,0
2019-08-23,83.5,83.57,82.76,3.5661653811350025,621830,23.207,0
2019-08-26,82.09,82.22,80.88,3.609989295967221,839870,22.459900390999998,0
2019-08-27,81.75,81.95,80.07,3.45025207911406,943130,23.207,0
2019-08-28,80.74,80.81,80.21,3.461886499763003,521700,23.207,-1
2019-08-29,80.74,82.76,80.61,3.5661653811350025,561530,23.207,1
2019-08-30,82.76,83.57,82.56,3.5661653811350025,797090,23.207,0
2019-09-03,82.76,83.64,82.76,3.595466884991597,744840,23.207,0
2019-09-04,83.44,83.44,82.49,3.5894342224328866,405800,23.207,0
2019-09-05,83.57,83.57,82.09,3.537294781746887,587180,23.207,0
2019-09-06,82.09,82.83,82.09,3.5605636230447706,315980,23.207,0
2019-09-09,82.76,83.77,82.43,3.7022959803769915,498850,22.6265,0
2019-09-10,83.64,83.64,82.96,3.5864178911535314,647890,23.207,0
2019-09-11,83.3,83.44,82.16,3.5403111130262417,401410,23.207,0
2019-09-12,82.43,82.96,81.69,3.537294781746887,600870,23.207,0
2019-09-13,82.22,82.43,81.75,3.5403111130262417,503530,23.207,-1
2019-09-16,83.12,83.12,82.16,3.5816779420002587,604710,23.207,1
2019-09-17,83.12,84.14,82.57,3.610979445856853,482570,23.207,0
2019-09-18,83.46,84.76,83.25,3.6463136122721593,972940,23.207,0
2019-09-19,84.48,84.76,83.8,3.6432972809928037,725700,23.207,0
2019-09-20,84.62,84.62,83.53,3.5993450252079113,1623350,23.207,0
2019-09-23,84.14,85.58,83.94,3.670013358038523,1560140,23.207,0
2019-09-24,85.17,87.29,85.03,3.7406816908691343,1340450,23.207,0
2019-09-25,86.4,86.81,85.85,3.726030938940837,617630,23.207,0
2019-09-26,86.95,89.0,86.54,3.832033438186754,1613560,23.207,0
2019-09-27,88.93,89.68,88.52,3.835049769466109,1183530,23.207,0
2019-09-30,89.0,89.41,88.52,3.8856848237714208,885490,22.835099609,0
2019-10-01,88.59,88.73,87.36,3.772999526005085,1207380,23.207,0
2019-10-02,87.22,87.43,86.33,3.816401500019197,2070220,22.764900390999998,0
2019-10-03,86.19,88.25,85.85,3.8780980840217962,825310,22.756,0
2019-10-04,88.32,89.55,87.9,3.7906666092127375,641540,23.207,0
2019-10-07,87.84,88.93,87.7,3.8643285999702752,833680,22.855199219,0
2019-10-08,87.97,88.45,87.97,3.802731934330159,537440,23.207,0
2019-10-09,88.11,88.11,86.74,3.7436980221484895,663150,23.207,-1
2019-10-10,86.67,87.9,86.67,3.7436980221484895,442150,23.207,0
2019-10-11,86.88,87.56,86.81,3.772999526005085,631310,23.207,0
2019-10-14,88.25,88.25,87.49,3.8511085459376777,586040,22.842773438000002,0
2019-10-15,87.9,88.59,87.36,3.7820485198431504,1165130,23.207,0
2019-10-16,87.77,89.55,87.77,3.8436678588356963,1321580,23.207,0
2019-10-17,89.2,90.57,89.07,3.861334942043349,1409580,23.207,0
2019-10-18,89.96,90.98,89.96,3.9057181022967207,1116920,23.207,1
2019-10-21,90.64,92.69,90.23,3.938035937432671,2006630,23.207,0
2019-10-22,91.67,91.94,90.5,3.9057181022967207,1398920,23.207,0
2019-10-23,90.64,90.78,89.75,3.89968543973801,847820,23.207,0
2019-10-24,90.44,91.26,90.44,3.908734433576076,520890,23.207,0
2019-10-25,90.71,92.01,90.64,3.9647520144783903,816560,23.207,0
2019-10-28,92.01,92.62,91.39,3.944068599991382,558360,23.207,0
2019-10-29,91.46,92.28,91.39,3.9531175938294476,520280,23.207,0
2019-10-30,91.94,92.21,89.61,3.891067350368423,1301690,23.207,-1
2019-10-31,90.3,90.3,88.11,3.832033438186754,2550480,23.207,0
2019-11-01,89.07,90.98,89.07,3.902701771017365,969370,23.207,0
2019-11-04,90.98,90.98,89.34,3.8703839358814145,1407970,23.207,0
2019-11-05,89.82,89.82,88.38,3.80833369242039,1876790,23.207,0
2019-11-06,88.25,89.27,87.9,3.835049769466109,1184100,23.207,0
2019-11-07,88.59,88.79,88.04,3.805748265609514,866170,23.207,0
2019-11-08,88.32,89.14,88.18,3.80833369242039,1193130,23.207,0
2019-11-11,88.38,89.07,88.25,3.8113500236997457,645500,23.207,0
2019-11-12,88.45,88.45,87.08,3.758348774076787,1934480,23.207,0
2019-11-13,87.22,87.22,85.78,3.6993148618951173,1956940,23.207,0
2019-11-14,86.19,86.47,85.92,3.711380187012539,695470,23.207,0
2019-11-15,86.19,86.19,82.09,3.625630197785151,2384360,23.207,0
2019-11-18,84.14,84.42,82.36,3.6241249040502517,1671470,22.802746094,0
2019-11-19,82.36,85.1,82.36,3.666997026759167,1078610,23.207,0
2019-11-20,85.17,85.37,84.35,3.6553626061102253,1150700,23.207,0
2019-11-21,84.48,84.69,83.25,3.5963286939285557,1395000,23.207,0
2019-11-22,83.73,84.28,82.98,3.5816779420002587,719680,23.207,0
2019-11-25,83.59,84.35,82.5,3.6226138665057954,680740,23.207,0
2019-11-26,84.07,84.83,83.94,3.625630197785151,971390,23.207,0
2019-11-27,84.62,84.62,83.53,3.5993450252079113,366920,23.207,0
2019-11-28,83.53,83.66,82.36,3.5993450252079113,1107720,23.207,0
2019-11-29,83.46,83.73,82.91,3.5816779420002587,549840,23.207,0
2019-12-02,83.12,83.12,80.93,3.55400116495477,1489150,22.771517577999997,0
2019-12-03,80.58,80.58,79.42,3.4312922825009693,1422610,23.207,0
2019-12-04,79.63,81.27,79.63,3.5019606153315808,693700,23.207,0
2019-12-05,81.88,81.88,80.58,3.4776228906823183,694150,23.171,0
2019-12-06,80.65,80.65,79.56,3.4336023477622892,937120,23.171,0
2019-12-09,79.56,80.86,79.56,3.4866859436364424,766050,23.171,0
2019-12-10,80.79,81.2,80.38,3.489706961287817,850090,23.171,0
2019-12-11,80.52,81.13,80.24,3.5013594579431184,793940,23.171,0
2019-12-12,81.41,81.75,81.34,3.51905398990117,701380,23.171,1
2019-12-13,81.61,82.02,80.72,3.4836649259850674,564680,23.171,0
2019-12-16,81.06,81.27,80.52,3.5043804755944934,751280,23.171,0
2019-12-17,81.27,81.27,80.11,3.4573389150230893,829630,23.171,0
2019-12-18,80.31,81.41,80.24,3.5013594579431184,1400340,23.171,0
2019-12-19,81.13,82.09,81.13,3.533727504207846,1582510,23.171,0
2019-12-20,82.09,82.3,81.75,3.54279055716197,1822570,23.171,0
2019-12-23,82.09,82.09,80.72,3.4836649259850674,786100,23.171,0
2019-12-24,80.72,81.27,80.72,3.5013594579431184,577000,23.171,0
2019-12-25,81.75,81.75,80.52,3.4836649259850674,541190,23.171,0
2019-12-26,81.28,81.41,80.72,3.4836649259850674,345150,23.171,0
2019-12-27,80.72,81.76,80.03,3.519485563851366,383460,23.171,0
2019-12-30,81.28,81.41,80.38,3.468991411678391,672140,23.171,0
2019-12-31,82.1,82.1,80.31,3.468991411678391,387640,23.171,0
2020-01-02,80.72,81.55,80.38,3.5104225108972424,352700,23.171,0
2020-01-03,81.55,82.1,81.55,3.522506581502741,625390,23.171,0
2020-01-06,81.55,81.55,80.59,3.495748996590566,495910,23.171,0
2020-01-07,81.07,81.97,81.07,3.52854861680549,459520,23.171,0
2020-01-08,81.76,81.97,81.07,3.537611669759613,837710,23.171,0
2020-01-09,82.1,82.45,81.69,3.531569634456864,624130,23.171,0
2020-01-10,81.83,82.24,81.69,3.5402011134607916,596280,23.171,0
2020-01-13,82.1,82.1,81.0,3.558610762056476,412880,22.761691406,0
2020-01-14,81.0,81.48,80.79,3.507833067196064,335180,23.171,0
2020-01-15,81.28,81.34,80.86,3.507833067196064,681740,23.171,0
2020-01-16,81.28,81.76,80.86,3.519485563851366,545090,23.171,0
2020-01-17,81.55,81.83,81.28,3.531569634456864,375030,23.171,0
2020-01-20,82.1,82.24,81.69,3.543222131112166,493600,23.171,0
2020-01-21,82.1,84.1,81.83,3.602779336239265,853940,23.171,0
2020-01-22,84.1,84.1,83.48,3.6118423891933884,794440,23.171,0
2020-01-30,82.1,82.66,80.17,3.472012429329766,1533720,23.171,0
2020-01-31,80.31,80.45,74.86,3.229229574670003,1915820,23.182,-1
2020-02-03,70.03,76.24,69.68,3.223190406349754,2289150,23.182,0
2020-02-04,75.83,75.89,71.82,3.1248382365628506,1869040,23.182,0
2020-02-05,73.41,74.31,71.27,3.165210655420235,1545750,23.237,0
2020-02-06,73.13,74.93,73.07,3.191892240822826,2137020,23.237,0
2020-02-07,74.31,76.24,74.24,3.2719369970305983,1523380,23.237,0
2020-02-10,75.2,75.48,74.03,3.236218100443259,910510,23.237,0
2020-02-11,75.2,75.2,73.82,3.182854929638077,885960,23.237,0
2020-02-12,74.51,74.51,73.96,3.182854929638077,838170,23.237,0
2020-02-13,73.96,74.17,73.55,3.174247966604984,713560,23.237,0
2020-02-14,73.96,74.1,73.55,3.165210655420235,708080,23.237,0
2020-02-17,73.69,74.24,73.69,3.191892240822826,623350,23.237,0
2020-02-18,74.38,74.38,72.65,3.1325041958944793,1078500,23.237,0
2020-02-19,72.44,73.62,72.44,3.1594577146546157,747510,23.235,0
2020-02-20,73.82,74.17,73.34,3.1594577146546157,624620,23.235,0
2020-02-21,74.17,75.48,74.17,3.2218635678932643,1484500,23.235,1
2020-02-24,73.82,74.38,73.13,3.1594577146546157,954600,23.235,0
2020-02-25,73.34,74.86,73.13,3.206800086077039,1200220,23.235,0
2020-02-26,73.62,73.62,72.44,3.1177103507639337,1346630,23.235,0
2020-02-27,72.44,74.1,71.62,3.1884681583476766,863890,23.24,0
2020-02-28,72.65,73.2,71.06,3.102409638554217,1437350,23.24,0
2020-03-02,72.1,72.79,71.62,3.103210811741413,909240,23.234,0
2020-03-03,72.79,73.27,72.17,3.1268830162692605,741380,23.234,0
2020-03-04,72.65,73.13,72.1,3.112249289833864,612800,23.234,0
2020-03-05,72.44,73.07,72.1,3.107222892604723,438020,23.204,0
2020-03-06,72.1,72.31,71.48,3.098172728839855,664920,23.204,0
2020-03-09,68.99,70.72,66.92,2.8839855197379762,2356790,23.204,-1
2020-03-10,66.23,70.24,66.23,3.0240475780037923,1761300,23.204,0
2020-03-11,70.37,72.44,68.44,3.021030856748836,2292410,23.204,0
2020-03-12,67.06,70.03,66.92,3.0003447681434237,2431600,23.204,0
2020-03-13,65.68,69.41,65.68,2.9464747457334943,2159130,23.204,0
2020-03-16,68.37,68.44,66.58,2.8839855197379762,1087080,23.204,0
2020-03-17,66.23,66.51,65.55,2.8542492673676954,1788240,23.204,0
2020-03-18,66.37,67.48,65.55,2.8200826019617966,1322150,23.244,0
2020-03-19,64.17,64.86,61.41,2.6419721218378935,2774560,23.244,0
2020-03-20,61.41,62.99,61.41,2.6716572018585443,2316660,23.244,0
2020-03-23,61.47,61.47,57.75,2.4845121321631387,2187710,23.244,0
2020-03-24,57.75,60.92,57.75,2.5554981930820855,1739530,23.244,0
2020-03-25,62.51,63.54,62.16,2.731027361899845,2993020,23.244,0
2020-03-26,63.68,65.55,61.27,2.7903975219411463,2556450,23.244,0
2020-03-27,64.86,65.75,63.48,2.7929788332472896,2755950,23.244,1
2020-03-30,62.1,63.82,61.41,2.734423123121969,1559900,23.010337891,0
2020-03-31,63.68,64.44,62.1,2.657102957978926,1293290,23.631,0
2020-04-01,62.79,64.86,62.79,2.744699758791418,1155730,23.631,0
2020-04-03,65.2,65.89,64.86,2.7738986923955817,1934430,23.631,0
2020-04-06,66.58,66.65,65.55,2.808598874359951,1840550,23.631,0
2020-04-07,66.58,68.3,66.1,2.8758833735347635,2273090,23.631,0
2020-04-08,67.61,68.3,66.58,2.890271253861453,904920,23.631,0
2020-04-09,68.93,69.62,68.44,2.922432398121112,1220550,23.631,0
2020-04-10,68.99,68.99,67.68,2.9080445177944223,1111470,23.631,0
2020-04-13,68.72,68.86,67.82,2.8932334645169484,1127670,23.631,0
2020-04-14,68.65,68.79,68.1,2.890271253861453,1059560,23.631,0
2020-04-15,68.79,68.79,68.44,2.918674570344151,886130,23.449,0
2020-04-16,68.51,68.65,68.24,2.92265688323877,1155660,23.441,0
2020-04-17,68.99,69.06,68.3,2.92265688323877,1767310,23.441,0
2020-04-20,68.99,69.82,68.99,3.00310718031889,1471680,22.972873047,0
2020-04-21,68.99,68.99,66.1,2.849281174011348,2129360,23.441,0
2020-04-22,66.3,67.34,66.1,2.869758116121326,1085950,23.441,0
2020-04-23,68.03,68.03,66.17,2.828377628940745,1443180,23.441,0
2020-04-24,68.51,70.93,67.27,3.0258947997099104,3624460,23.441,0
2020-04-27,73.48,73.48,70.93,3.0258947997099104,1950560,23.441,0
2020-04-28,70.93,71.06,68.79,2.9580649289706074,1401520,23.441,0
2020-04-29,68.65,68.93,68.3,2.9133253710970823,1769090,23.444,0
2020-05-04,66.92,68.3,66.92,2.8723767275209013,1235970,23.444,0
2020-05-05,68.17,69.62,67.61,2.957686401637946,1163800,23.444,0
2020-05-06,69.48,70.03,68.79,2.987118239208326,1105020,23.444,0
2020-05-07,70.1,71.62,70.03,3.0429960757549908,1583260,23.444,0
2020-05-08,72.1,74.24,71.75,3.0899163965193654,3184170,23.444,0
2020-05-11,72.44,74.86,72.24,3.1992820205991706,1792200,23.399,0
2020-05-12,74.86,78.93,74.1,3.358690542330869,2944650,23.399,0
2020-05-13,78.1,79.34,75.89,3.3620467986628957,2507730,23.334,0
2020-05-14,77.69,78.59,77.62,3.341047398645753,1397750,23.334,0
2020-05-15,77.96,78.31,75.48,3.276334961858233,2320230,23.334,0
2020-05-18,76.45,77.14,75.2,3.284906145538699,898370,23.334,0
2020-05-19,78.52,78.93,77.48,3.3294763006771233,1432400,23.334,0
2020-05-20,77.62,78.93,77.62,3.370617982343362,1199680,23.334,0
2020-05-21,78.65,79.34,78.31,3.4001885660409705,1582090,23.334,0
2020-05-22,78.93,79.21,78.31,3.3826176394960146,1083060,23.334,0
2020-05-25,79.0,81.14,78.72,3.4773292191651666,1581860,23.334,0
2020-05-26,81.41,81.41,79.48,3.4773292191651666,983170,23.334,0
2020-05-27,81.21,81.28,79.34,3.4033973919011666,1108350,23.312,0
2020-05-28,79.34,80.03,79.21,3.397820864790665,1004500,23.312,0
2020-05-29,78.31,79.48,78.31,3.403835428375306,1203680,23.309,0
2020-06-01,79.41,80.72,79.41,3.440721649484536,1047020,23.28,-1
2020-06-02,80.1,80.72,79.83,3.44007909215956,891910,23.264,0
2020-06-03,80.17,81.48,79.76,3.458132737276479,1322080,23.264,0
2020-06-04,80.72,81.34,80.72,3.4938101788170566,735420,23.264,0
2020-06-05,81.28,82.24,80.52,3.5350756533700136,1076470,23.264,0
2020-06-08,82.24,85.14,82.17,3.6421079779917473,1419750,23.264,1
2020-06-09,84.93,86.93,84.93,3.7070151306740025,1704320,23.264,0
2020-06-10,86.93,86.93,84.73,3.6476960110041268,1242180,23.264,0
2020-06-11,84.86,86.24,83.48,3.627063273727648,1098260,23.264,0
2020-06-12,81.41,82.66,79.07,3.499398211829436,2394330,23.264,-1
2020-06-15,82.79,83.41,77.27,3.321440852819807,2058870,23.264,0
2020-06-16,79.07,81.07,78.65,3.469738651994498,844740,23.264,0
2020-06-17,80.72,80.86,79.62,3.428473177441541,513570,23.264,0
2020-06-18,79.76,80.45,78.72,3.416437414030262,523160,23.264,0
2020-06-19,79.48,80.38,79.34,3.410419532324622,1251600,23.264,0
2020-06-22,79.62,79.96,79.21,3.4224552957359013,867620,23.264,0
2020-06-23,80.03,80.31,79.76,3.44007909215956,1063470,23.264,0
2020-06-24,80.31,81.69,80.31,3.472747592847318,750960,23.264,0
2020-06-25,80.38,80.38,79.55,3.4521148555708394,572770,23.264,0
2020-06-26,80.45,80.79,79.62,3.43707015130674,495750,23.264,0
2020-06-29,79.68,79.89,76.96,3.3696682464454972,1519040,23.21,0
2020-06-30,78.98,79.33,78.21,3.385918156808803,797960,23.264,0
2020-07-01,78.77,80.38,78.28,3.4460969738651994,450020,23.264,0
2020-07-02,80.24,80.31,78.98,3.394944979367263,720480,23.264,0
2020-07-03,78.98,79.82,78.84,3.437203689337126,729290,23.202,0
2020-07-06,80.03,81.5,79.89,3.5100650890124574,1319980,23.199,0
2020-07-07,81.43,81.85,81.08,3.494676953579587,1024960,23.201,0
2020-07-08,81.08,81.08,80.73,3.4827437446074203,551310,23.18,0
2020-07-09,80.73,81.57,80.73,3.493617388304296,1560410,23.188,0
2020-07-10,81.08,81.36,80.59,3.476104209799862,677180,23.184,0
2020-07-13,80.59,80.94,79.89,3.515557605050086,943850,22.824259766,1
2020-07-14,79.82,80.52,79.61,3.4738340739462443,731170,23.179,-1
2020-07-15,81.08,81.78,81.08,3.4976920754065826,1015000,23.181,1
2020-07-16,81.57,82.13,81.22,3.5426821377733684,1112460,23.183,0
2020-07-17,81.57,82.06,81.43,3.5213940648723256,583510,23.184,0
2020-07-20,81.08,81.57,80.73,3.4871286274848003,474700,23.191,0
2020-07-21,80.87,81.29,80.1,3.496636191133345,1618780,23.188,-1
2020-07-22,80.66,81.08,79.75,3.4404659188955997,1051320,23.18,0
2020-07-23,79.82,80.1,79.33,3.442891649413388,766500,23.184,0
2020-07-24,79.82,79.82,76.19,3.349870578084556,2313270,23.18,0
2020-07-27,74.86,75.21,72.27,3.118446601941747,2553780,23.175,0
2020-07-28,72.69,76.82,72.69,3.3139208834821616,1390810,23.181,0
2020-07-29,75.84,76.12,73.74,3.1976694000863186,1497450,23.17,0
2020-07-30,75.49,76.54,74.65,3.2875943905070115,1028620,23.175,0
2020-07-31,74.79,76.33,74.44,3.2271844660194176,839830,23.175,0
2020-08-03,75.49,76.89,75.28,3.294346137246439,860190,23.17,0
2020-08-04,77.59,77.79,76.82,3.357358653431161,765170,23.17,0
2020-08-05,77.93,79.4,76.89,3.380798274002157,888080,23.175,0
2020-08-06,78.49,81.08,78.35,3.4625010787952015,1360570,23.174,1
2020-08-07,80.38,81.08,80.24,3.483795796832521,1148200,23.173,0
2020-08-10,81.08,81.43,80.03,3.4941730326762324,1412680,22.903845703,0
2020-08-11,80.31,80.38,79.68,3.4540353905912817,852250,23.17,0
2020-08-12,80.03,81.01,80.03,3.486666091309226,1451960,23.174,0
2020-08-13,81.36,81.5,81.01,3.5106796116504855,1238980,23.175,0
2020-08-14,81.5,82.48,81.22,3.519892983516009,1623690,23.174,0
2020-08-17,81.78,82.41,80.59,3.5289548632087686,906890,23.174,0
2020-08-18,81.78,82.06,80.8,3.486666091309226,604570,23.174,0
2020-08-19,81.08,81.08,80.31,3.477604211616467,981840,23.174,0
2020-08-20,80.59,80.94,80.1,3.4745835850522138,1254280,23.174,0
2020-08-21,80.73,81.08,80.45,3.486666091309226,884990,23.174,0
2020-08-24,81.43,82.2,81.08,3.5137001078748655,1526860,23.175,0
2020-08-25,81.78,82.41,81.64,3.537558786728222,1693030,23.177,0
2020-08-26,82.48,82.62,81.71,3.5325852395338795,1922780,23.17,0
2020-08-27,82.13,82.41,81.78,3.5349961163372745,799570,23.174,0
2020-08-28,82.34,83.88,81.92,3.5984292741865884,1341270,23.174,0
2020-08-31,84.09,84.57,83.53,3.6493484076982825,1634090,23.174,0
2020-09-01,84.57,86.11,84.02,3.7158021921118496,1448060,23.174,0
2020-09-03,86.32,87.23,86.32,3.761111590575645,2016680,23.174,0
2020-09-04,86.46,87.37,86.04,3.7701734702684044,1711980,23.174,0
2020-09-07,87.37,89.75,87.3,3.7997238760893945,2178380,23.178,0
2020-09-08,88.0,89.05,86.6,3.74600845775438,1809570,23.174,0
2020-09-09,85.62,86.6,84.92,3.733603727994477,1621920,23.176,0
2020-09-10,87.37,87.65,86.95,3.7609492988133764,848330,23.175,0
2020-09-11,86.81,87.16,86.32,3.7340870841065037,956670,23.173,0
2020-09-14,86.95,87.37,86.67,3.74600845775438,1194170,23.174,0
2020-09-15,86.81,87.3,86.67,3.7639697950377564,882030,23.175,0
2020-09-16,87.37,87.37,86.6,3.745846817691478,724510,23.175,0
2020-09-17,86.67,87.93,86.67,3.7544222970057812,1376570,23.178,-1
2020-09-18,87.09,88.35,86.81,3.813120414328873,1224030,23.17,1
2020-09-21,88.42,91.01,88.35,3.924902891670263,2614310,23.17,0
2020-09-22,90.94,91.01,89.82,3.908447665890068,1244610,23.178,0
2020-09-23,90.8,91.01,90.24,3.8965353583293783,1042800,23.177,0
2020-09-24,89.61,90.1,88.98,3.8378261807202936,1506610,23.185,0
2020-09-25,89.33,89.47,89.12,3.8500690131124915,1011140,23.184,0
2020-09-28,89.47,89.89,88.98,3.8670173774309005,2169790,23.191,-1
2020-09-29,93.73,95.94,92.03,4.012851474900811,5191680,23.188,1
2020-09-30,93.73,94.92,92.45,4.001293661060802,1432380,23.19,0
2020-10-01,92.88,93.22,91.94,4.017514343643501,1702500,23.181,0
2020-10-02,93.3,93.81,90.92,3.9688632051060897,2864220,23.188,0
2020-10-05,92.03,92.88,91.17,3.9424776853089565,1427600,23.191,0
2020-10-06,91.43,92.03,90.75,3.9292332887988626,2044710,23.203,-1
2020-10-07,91.0,92.03,90.75,3.9659556130144367,2153700,23.205,0
2020-10-08,91.94,91.94,91.0,3.9254471019176904,1325810,23.205,0
2020-10-09,91.17,91.26,90.83,3.9204863955844944,980970,23.191,0
2020-10-12,91.09,91.85,90.83,3.9331320103537535,1209250,23.18,0
2020-10-13,91.17,92.03,91.09,3.937354387781517,858550,23.178,0
2020-10-14,91.26,91.77,91.0,3.9483108253872374,1299160,23.177,0
2020-10-15,91.85,91.94,91.17,3.9525350593311757,1854560,23.175,0
2020-10-16,91.6,92.03,91.09,3.949503668536901,1637740,23.17,0
2020-10-19,91.51,92.28,91.51,3.959870550161812,1617740,23.175,0
2020-10-20,91.43,91.68,90.32,3.9046386192017257,2150990,23.175,0
2020-10-21,90.75,91.09,90.32,3.9112990206652576,805550,23.179,0
2020-10-22,91.0,91.0,89.55,3.92285455408379,2422540,23.177,0
2020-10-23,91.6,93.73,91.26,4.0442699344149124,2946790,23.176,0
2020-10-26,94.58,95.86,93.73,4.062823610631688,2313520,23.176,0
2020-10-27,93.73,94.58,92.96,4.029773462783171,1721090,23.175,0
2020-10-28,92.71,92.88,90.75,3.948651564185545,2609180,23.175,0
2020-10-29,90.75,91.34,89.98,3.930358992060753,1723240,23.176,0
2020-10-30,91.17,92.03,89.72,3.9719464825205004,2683620,23.17,0
2020-11-02,91.17,92.03,91.17,3.9551337359792926,867340,23.18,0
2020-11-03,91.68,92.03,91.17,3.9595288432497733,870230,23.177,0
2020-11-04,92.03,93.22,91.51,3.9709181912323097,1342780,23.176,0
2020-11-05,92.03,93.22,92.03,4.000258888505351,1891270,23.176,0
2020-11-06,93.05,93.22,92.03,4.000431499460626,1011020,23.175,0
2020-11-09,92.88,93.22,92.45,4.000258888505351,1066640,23.176,0
2020-11-10,92.96,93.05,91.6,3.9533880017263696,2297200,23.17,0
2020-11-11,91.94,91.94,90.32,3.95287619212014,2429710,23.173,0
2020-11-12,91.17,91.6,90.92,3.933980582524272,1074590,23.175,0
2020-11-13,91.17,91.51,91.17,3.948651564185545,1089500,23.175,0
2020-11-16,91.6,92.62,91.17,3.937864077669903,2571160,23.175,0
2020-11-17,91.43,91.77,91.17,3.9559870550161813,1648330,23.175,0
2020-11-18,92.11,93.3,91.85,4.0245218667702805,3396750,23.163,0
2020-11-19,93.22,93.47,92.88,4.035837651122625,3140680,23.16,1
2020-11-20,93.64,95.01,92.96,4.0774939592682085,2801420,23.176,0
2020-11-23,94.58,94.84,93.56,4.066275457369692,2104330,23.176,0
2020-11-24,94.24,94.5,92.88,4.029425723777884,1937130,23.177,0
2020-11-25,93.64,94.58,92.96,4.067210919614704,2190900,23.151,0
2020-11-26,94.5,94.5,93.13,4.043177892918825,1490270,23.16,0
2020-11-27,93.64,93.64,92.62,4.039026074943878,2823860,23.164,0
2020-11-30,93.56,93.73,92.03,3.981001727115717,2687040,23.16,-1
2020-12-01,91.43,93.56,91.34,4.039325842696629,2493230,23.14,0
2020-12-02,93.39,93.56,92.62,4.015737818323316,1332460,23.129,0
2020-12-03,92.88,93.64,92.71,4.033896839465606,1108730,23.129,0
2020-12-04,93.3,93.47,92.71,4.016432432432432,1571130,23.125,0
2020-12-07,92.88,94.5,92.71,4.052313013402508,1970400,23.13,0
2020-12-08,93.81,93.98,92.88,4.02343581095689,1468350,23.127,0
2020-12-09,93.73,93.81,93.13,4.0414216534071254,1701940,23.128,0
2020-12-10,93.98,97.05,93.98,4.1261674161189905,6077770,23.128,1
2020-12-11,95.43,96.12,95.26,4.14821860947769,2297940,23.128,0
2020-12-14,96.12,96.63,95.77,4.178052576962989,2535300,23.128,0
2020-12-15,96.29,96.54,94.41,4.097120124535155,4572910,23.126,0
2020-12-16,94.75,95.69,94.33,4.111822191472801,2106480,23.126,0
2020-12-17,94.58,94.58,93.98,4.067715990659863,2951870,23.126,0
2020-12-18,94.16,94.58,93.73,4.068771626297577,3342900,23.12,-1
2020-12-21,94.07,94.92,93.9,4.090122816121778,2341080,23.124,0
2020-12-22,94.5,94.5,93.56,4.050173010380623,2266760,23.12,0
2020-12-23,93.64,94.92,93.64,4.0601893890258145,2432590,23.127,0
2020-12-24,93.9,94.16,92.03,4.004323389537397,2511360,23.13,0
2020-12-25,92.71,92.96,92.11,4.016432432432432,1755510,23.125,0
2020-12-28,92.88,93.47,92.28,4.004323389537397,2305300,23.13,0
2020-12-29,92.88,93.22,92.54,4.0237837837837835,1299700,23.125,0
2020-12-30,93.05,93.9,92.54,4.009948096885813,1856600,23.12,0
2020-12-31,92.88,93.64,92.71,4.0155058905058905,993810,23.088,0
2021-01-04,93.47,93.56,92.88,4.036844386649328,2299600,23.07,0
2021-01-05,93.56,96.31,93.21,4.130039011703511,4013900,23.07,0
2021-01-06,95.45,95.71,94.42,4.09098786828423,2823100,23.08,1
2021-01-07,94.59,95.28,94.42,4.11130359462971,2453000,23.09,0
2021-01-08,95.88,97.08,95.36,4.173238582199498,3323000,23.078,0
2021-01-11,96.74,99.75,96.74,4.373249071373471,4603900,22.788548828,0
2021-01-12,100.18,100.35,99.23,4.33882863340564,2344900,23.05,0
2021-01-13,100.01,100.78,98.2,4.268805549533925,2521600,23.065,0
2021-01-14,98.37,98.37,96.83,4.216961498439126,3680400,23.064,0
2021-01-15,97.6,99.15,97.26,4.2464446756850505,2125700,23.064,0
2021-01-18,98.12,98.98,97.43,4.269720066475293,2624000,22.818826172,0
2021-01-19,97.43,97.43,92.01,4.014478304217781,3668300,23.069,-1
2021-01-20,93.56,94.16,91.15,4.063028306385193,3363700,23.069,0
2021-01-21,94.5,95.19,93.56,4.111043689320388,2531200,23.072,0
2021-01-22,94.76,95.28,93.47,4.053339115351258,2429000,23.06,0
2021-01-25,93.64,94.33,92.87,4.032943216298223,2554800,23.07,0
2021-01-26,92.96,93.3,90.29,3.978751084128361,2596900,23.06,0
2021-01-27,91.15,91.84,88.14,3.85062204690277,3153800,23.069,0
2021-01-28,85.99,87.62,82.64,3.5822965884953835,4565600,23.069,0
2021-01-29,82.55,88.4,82.55,3.8336441302745135,4140500,23.059,0
2021-02-01,88.57,90.46,87.71,3.8904673708747075,2934800,22.699072265999998,0
2021-02-02,87.97,92.01,87.97,3.970058581037101,3350900,23.045,0
2021-02-03,91.49,94.33,91.49,4.096495418421853,3056500,23.027,0
2021-02-04,94.33,94.33,92.01,4.064291920069505,1896800,23.02,1
2021-02-05,93.39,94.59,93.39,4.095155333478166,2231200,23.015,0
2021-02-08,94.16,94.25,89.26,3.9369565217391305,4331600,23.0,0
2021-02-09,90.55,93.64,90.2,4.04309969525468,1931700,22.97,0
2021-02-17,92.87,93.64,92.27,4.062146892655367,2872300,23.01,0
2021-02-18,93.47,93.73,92.44,4.073446327683616,2847400,23.01,0
2021-02-19,92.7,93.13,92.1,4.035194438409733,2696500,23.015,0
2021-02-22,92.35,92.7,92.27,4.067282975828645,3006200,22.727703125,0
2021-02-23,92.44,92.87,91.32,3.9969591659426587,3048400,23.02,0
2021-02-24,92.1,92.78,90.72,3.9513572204125955,2801000,23.025,0
2021-02-25,91.06,91.41,89.6,3.9074717636837533,4282900,23.02,-1
2021-02-26,89.09,90.2,88.91,3.9140065146579808,3357800,23.025,0
2021-03-01,90.72,91.06,90.29,3.9456875950467087,2179000,23.015,0
2021-03-02,91.32,91.58,89.43,3.918331885317116,3050100,23.02,0
2021-03-03,90.12,90.2,89.43,3.9032230040830513,2551300,23.022,0
2021-03-04,90.46,90.72,88.57,3.862293657688966,2755100,23.02,0
2021-03-05,88.66,88.66,87.45,3.8476910378383073,4187600,23.019,0
2021-03-08,89.0,89.09,87.45,3.8153953023922194,3208200,23.033,0
2021-03-09,86.94,87.28,86.16,3.805791038203237,4141900,22.7075,0
2021-03-10,86.42,88.14,85.82,3.825494998153123,3391300,22.726470703,0
2021-03-11,88.14,89.26,87.8,3.834808259587021,2417000,23.052,0
2021-03-12,88.57,88.83,87.45,3.812415947247408,2704600,23.051,0
2021-03-15,88.4,88.57,87.8,3.8796410536213366,2379400,22.651580078,0
2021-03-16,87.88,87.97,86.08,3.7628352324422685,4121100,23.081,0
2021-03-17,86.85,86.85,86.08,3.74404297721168,3568400,23.082,0
2021-03-18,86.85,88.14,86.85,3.8246908223041873,2553400,23.045,0
2021-03-19,87.88,87.88,87.19,3.791458920442228,2339400,23.065,0
2021-03-22,87.45,87.54,86.51,3.808163306675781,3416300,22.761628906000002,0
2021-03-23,86.51,86.59,85.73,3.7337493499739987,4554300,23.076,0
2021-03-24,85.65,85.99,84.7,3.678803641092328,3192200,23.07,0
2021-03-25,85.22,85.73,84.53,3.6698440207972274,3152700,23.08,0
2021-03-26,84.27,84.7,83.07,3.6284872639057357,3653700,23.084,0
2021-03-29,84.27,85.9,84.1,3.687835730376018,2790300,23.084,0
2021-03-30,85.65,86.08,84.79,3.697442566103164,2590400,23.07,0
2021-03-31,85.22,85.22,84.27,3.6679670567837017,2815600,23.07,0
2021-04-01,84.7,86.85,84.27,3.7639767703909155,5594000,23.074,1
2021-04-02,88.14,89.43,87.8,3.828744851506612,3840000,23.065,0
2021-04-05,89.86,89.86,87.88,3.823950071512157,2822700,23.073,0
2021-04-06,88.23,88.31,86.68,3.7817929719658565,3452600,23.079,0
2021-04-07,86.85,86.85,85.99,3.7280207882200087,3503700,23.09,0
2021-04-08,86.33,86.42,85.47,3.7202252057167606,3603800,23.09,0
2021-04-09,85.99,85.99,85.3,3.717565518735109,2716700,23.085,0
2021-04-12,85.99,86.25,85.56,3.788500796909072,3632400,22.697632813,0
2021-04-13,86.68,87.45,85.73,3.727836302943599,3799100,23.067,0
2021-04-14,85.9,85.99,85.04,3.7015041831028657,3498500,23.069,0
2021-04-15,85.65,86.42,85.04,3.6926943409307564,3549400,23.078,0
2021-04-16,84.87,84.87,82.9,3.6115806353746804,4876400,23.073,-1
2021-04-19,83.33,83.84,81.78,3.632918897102367,5722900,22.747548828,0
2021-04-20,83.41,86.85,83.33,3.7008624799549255,6987200,23.073,0
2021-04-22,85.39,85.56,83.41,3.652162607263586,3166300,23.074,0
2021-04-23,84.27,85.9,83.24,3.7087126137841353,3556800,23.07,1
2021-04-26,83.41,85.13,82.55,3.642204994827125,5045600,22.664841797,0
2021-04-27,82.55,82.98,81.69,3.571614583333334,3149400,23.04,-1
2021-04-28,82.29,82.38,80.4,3.4966582761913023,5027100,23.042,0
2021-04-29,80.57,81.0,78.68,3.4885234520761923,6499700,23.047,0
2021-05-04,79.89,79.97,78.68,3.416760648911252,4112800,23.054,0
2021-05-05,78.94,79.97,78.77,3.4321041214750543,3792300,23.05,0
2021-05-06,79.11,79.11,77.05,3.341283607979185,7448600,23.06,0
2021-05-07,76.53,76.7,74.64,3.2431612259938443,6744500,23.067,0
2021-05-10,74.81,79.97,74.04,3.544419686448124,8176900,22.562226563,0
2021-05-11,80.4,81.26,78.42,3.4006938421509108,4197000,23.06,0
2021-05-12,77.56,79.28,77.39,3.4239861201474735,3199300,23.055,0
2021-05-13,78.34,78.85,77.82,3.375699475122543,3118400,23.053,0
2021-05-14,78.42,78.42,76.96,3.3402777777777777,4391200,23.04,0
2021-05-17,76.96,77.39,74.98,3.2532106907323852,5001300,23.048,0
2021-05-18,75.24,75.67,74.64,3.2461164627267207,2970100,23.046,0
2021-05-19,75.41,76.53,74.9,3.265625,3526100,23.04,0
2021-05-20,75.5,75.76,74.81,3.2835756129312212,2800500,23.045,0
2021-05-21,75.59,78.08,74.9,3.3282707745714903,3942800,23.045,0
2021-05-24,77.39,79.03,76.96,3.401578901709031,4349800,23.054,1
2021-05-25,78.42,78.42,77.39,3.3752602359472585,2791200,23.056,0
2021-05-26,77.39,79.03,76.79,3.393321769297485,3773300,23.06,0
2021-05-27,78.6,78.77,77.39,3.375406636304489,2924300,23.055,0
2021-05-28,78.25,78.85,77.74,3.3994358863093947,3122200,23.045,0
2021-05-31,78.85,79.11,77.56,3.3768713386851807,3095900,23.045,0
2021-06-01,77.82,77.99,77.31,3.3554687500000004,2339900,23.04,0
2021-06-02,77.05,77.05,76.53,3.3362263495920845,3672400,23.044,0
2021-06-03,77.39,78.08,77.22,3.3663194444444446,3629000,23.04,0
2021-06-04,77.65,78.25,76.62,3.3401328067358182,4564400,23.041,0
2021-06-07,77.92,78.01,76.61,3.377451831279292,3736600,23.044,0
2021-06-08,77.83,79.49,77.83,3.395217391304348,5477700,23.0,0
2021-06-09,78.18,78.44,77.31,3.3796619031021256,3013500,22.952,0
2021-06-10,77.83,81.49,77.14,3.4968416467000654,5619300,22.955,0
2021-06-11,80.27,80.53,79.4,3.490652372859197,2940400,22.947,0
2021-06-14,80.53,81.4,79.66,3.5096971017650906,4875100,22.945,0
2021-06-15,80.62,81.14,80.18,3.52510460251046,4534800,22.944,0
2021-06-16,80.79,80.97,79.49,3.482808210223559,3041200,22.947,0
2021-06-17,79.23,80.27,79.05,3.452889392486708,2388800,22.946,0
2021-06-18,79.57,80.71,79.57,3.492160278745645,2971800,22.96,0
2021-06-21,80.1,80.18,78.88,3.430310937160252,4193600,22.995,0
2021-06-22,79.23,79.66,78.88,3.427478925871209,2242800,23.014,0
2021-06-23,78.88,79.05,78.09,3.4032573289902284,3357300,23.025,0
2021-06-24,78.27,78.53,76.88,3.3544743701129454,4225000,23.02,-1
2021-06-25,77.31,78.27,77.22,3.3947745946180934,2079300,23.003,0
2021-06-28,78.36,78.53,77.48,3.4211371323723565,1847900,22.700054688,0
2021-06-29,78.18,79.84,77.48,3.4417897480451782,4368100,23.02,0
2021-06-30,79.23,79.31,78.53,3.4187662901824503,2115600,23.02,0
2021-07-01,78.88,79.49,78.7,3.438776396975754,3811500,23.014,1
2021-07-02,79.23,79.23,78.44,3.408952629291612,2750900,23.01,-1
2021-07-05,78.44,78.7,77.14,3.4376806943088036,2931000,22.5908125,1
2021-07-06,77.83,78.18,75.74,3.2936162810923637,4706900,22.996,-1
2021-07-07,75.74,78.18,75.4,3.3980962315816927,4738700,23.007,0
2021-07-08,76.79,77.83,76.61,3.3439061481642405,1908900,23.015,0
2021-07-09,76.88,76.96,75.66,3.2920415525709563,3058100,23.007,0
2021-07-12,76.18,76.61,73.39,3.320380361307731,4833100,22.626925781,0
2021-07-13,74.96,75.31,73.31,3.188097306689835,2883300,23.02,0
2021-07-14,74.0,74.61,73.39,3.215993046501521,4180200,23.01,0
2021-07-15,74.0,75.13,73.57,3.2236756333927254,3284100,23.011,0
2021-07-16,74.44,75.05,74.26,3.250467208483637,1449600,23.009,0
2021-07-19,73.48,74.0,73.13,3.264572358943039,4111700,22.66759375,0
2021-07-20,74.0,74.87,73.39,3.248913987836664,3207300,23.02,0
2021-07-21,74.35,74.79,74.18,3.225049943542083,1696200,23.026,0
2021-07-22,74.44,75.83,74.26,3.2825123794631224,2152400,23.022,0
2021-07-23,75.57,78.18,74.96,3.3146458061712294,4126700,23.01,1
2021-07-26,76.61,77.66,76.53,3.41683345399866,2791500,22.652552734,0
2021-07-27,77.4,77.92,76.18,3.3110222531293467,2388200,23.008,0
2021-07-28,75.83,76.09,75.4,3.2888502499456638,1665500,23.005,0
2021-07-29,75.74,76.35,74.87,3.28579503456672,2648300,22.999,0
2021-07-30,75.57,75.92,74.79,3.264097539734378,4405200,22.965,0
2021-08-02,75.05,75.66,74.87,3.2814814814814817,2574300,22.95,0
2021-08-03,75.4,76.18,75.4,3.304139433551198,2714600,22.95,0
2021-08-04,76.18,76.18,75.74,3.304139433551198,2873000,22.95,0
2021-08-05,75.66,75.83,75.4,3.286118980169972,2833600,22.945,0
2021-08-06,75.66,76.96,75.4,3.310080223229857,3960600,22.936,0
2021-08-09,75.92,76.53,75.74,3.3675421116652187,2731300,22.672322266,0
2021-08-10,76.61,78.36,76.61,3.394983642311886,5965600,22.925,0
2021-08-11,78.27,79.57,78.18,3.4578581727618296,5330400,22.887,0
2021-08-12,79.05,79.66,78.62,3.454338199833399,4287800,22.809,0
2021-08-13,78.7,78.79,77.66,3.4321420741065554,4105500,22.805,0
2021-08-16,78.27,78.88,77.48,3.4130530004380204,3270800,22.83,0
2021-08-17,78.01,78.44,77.57,3.405606657906264,2202200,22.83,0
2021-08-18,77.92,79.14,77.83,3.4323258869908018,4710100,22.83,0
2021-08-19,78.79,78.79,78.18,3.447187267067129,3061300,22.807,0
2021-08-20,78.62,78.62,75.74,3.350867964229353,4326800,22.812,0
2021-08-23,76.35,76.44,74.87,3.334809634895883,4356500,22.451056641,-1
2021-08-24,74.96,75.74,74.61,3.291566265060241,2375700,22.825,0
2021-08-25,75.22,75.83,74.87,3.3155127081507447,1675500,22.82,0
2021-08-26,75.66,76.35,75.48,3.3233874506362437,1896000,22.79,0
2021-08-27,76.09,76.18,75.48,3.324116743471582,2346900,22.785,0
2021-08-30,75.83,76.27,75.74,3.3388915704945368,4306000,22.789,0
2021-08-31,76.18,76.27,75.83,3.340944017563118,2957200,22.775,0
2021-09-01,76.09,77.31,75.92,3.3677277716794736,3430100,22.775,0
2021-09-06,76.88,77.31,76.79,3.3778558875219677,3212200,22.76,0
2021-09-07,77.76,77.76,76.43,3.358084358523726,2622200,22.76,0
2021-09-08,76.43,76.43,75.55,3.323666403023113,3682200,22.758,0
2021-09-09,75.64,75.73,75.28,3.315902799138726,2452400,22.757,0
2021-09-10,75.46,77.05,75.28,3.3652536788930374,3962100,22.765,0
2021-09-13,76.61,77.41,76.43,3.3936810651667617,2956200,22.757,1
2021-09-14,77.23,77.32,76.7,3.3854738784656617,2482900,22.759,0
2021-09-15,76.88,76.88,76.26,3.3507623357792524,2425000,22.759,0
2021-09-16,76.61,76.61,76.08,3.3623341242639952,1825400,22.758,0
2021-09-17,76.52,78.29,76.43,3.367028523711159,5292600,22.753,0
2021-09-20,77.59,78.91,77.32,3.4501537110232765,5447700,22.77,0
2021-09-21,77.94,78.74,77.67,3.454257982344416,3096300,22.769,0
2021-09-22,78.38,81.22,78.38,3.561415073610196,10050100,22.755,0
2021-09-23,81.04,81.84,80.06,3.533391915641476,3941300,22.76,0
2021-09-24,80.6,80.95,80.15,3.529127493190405,2990000,22.762,0
2021-09-27,80.24,80.95,78.65,3.4556239015817223,5053900,22.76,0
2021-09-28,78.65,79.62,77.94,3.4740402354388125,3757200,22.766,0
2021-09-29,79.09,79.8,78.56,3.4866657879706517,2763400,22.761,0
2021-09-30,79.62,80.33,79.36,3.487891706588142,2799400,22.753,0
2021-10-01,79.09,80.06,78.91,3.495824175824176,3805400,22.75,0
2021-10-04,80.15,80.68,79.8,3.5105681768247132,3060200,22.757,0
2021-10-05,79.98,79.98,79.36,3.487278639539482,2268000,22.757,0
2021-10-06,79.36,79.8,79.0,3.4758723740880724,2498500,22.754,-1
2021-10-07,79.09,79.18,78.65,3.4571428571428573,2981800,22.75,0
2021-10-08,78.74,79.71,78.56,3.488351648351648,2618600,22.75,0
2021-10-11,79.71,80.06,79.27,3.558514101491019,2474800,22.399798827999998,1
2021-10-12,80.06,80.86,79.8,3.5191208791208792,3616300,22.75,0
2021-10-13,80.6,80.86,79.71,3.5066133497385414,3793100,22.757,-1
2021-10-14,79.89,80.15,79.36,3.50265852265237,2006400,22.757,0
2021-10-15,79.71,80.33,79.36,3.50265852265237,3206000,22.757,0
2021-10-18,79.71,79.8,79.0,3.4945953071447406,2305800,22.758,0
2021-10-19,79.53,80.15,79.53,3.5143685736883734,5984500,22.758,0
2021-10-20,80.06,80.24,78.82,3.5029663810151614,3480500,22.755,0
2021-10-21,79.71,79.8,78.91,3.4678092726873215,2936500,22.755,0
2021-10-22,79.27,80.15,79.0,3.5230769230769234,4487700,22.75,0
2021-10-25,80.15,80.24,79.62,3.5633994874567736,2769500,22.394345703,0
2021-10-26,79.71,79.89,79.18,3.4891184875796877,1641200,22.745,0
2021-10-27,79.71,80.24,79.44,3.518038405765259,3549900,22.757,0
2021-10-28,80.15,81.04,80.15,3.5262579652823556,4093700,22.755,0
2021-10-29,80.24,80.6,79.98,3.530989010989011,3748500,22.75,0
2021-11-01,80.42,80.86,79.53,3.5037362637362635,5083800,22.75,0
2021-11-02,79.71,79.71,78.82,3.4725274725274726,4888900,22.75,0
2021-11-03,78.91,79.27,78.12,3.4341480569720417,5547900,22.748,0
2021-11-04,78.29,78.56,78.03,3.4417725414340357,2513000,22.747,0
2021-11-05,78.47,79.18,78.38,3.4832451499118164,2654600,22.68,0
2021-11-08,79.44,80.68,79.36,3.545855379188713,6171800,22.68,0
2021-11-09,80.6,80.68,79.44,3.5097087378640777,3695000,22.66,0
2021-11-10,79.71,79.8,79.09,3.5054275880328305,2666100,22.662,0
2021-11-11,79.53,80.06,79.09,3.502206531332745,3380600,22.66,0
2021-11-12,79.71,79.8,78.91,3.4926032236696845,2120400,22.645,0
2021-11-15,79.27,79.36,78.82,3.481448763250883,3268000,22.64,0
2021-11-16,78.82,79.09,78.38,3.465224111282844,3251700,22.645,0
2021-11-17,78.47,79.36,78.47,3.472406181015453,2514400,22.65,0
2021-11-18,78.65,78.65,77.94,3.441363475803603,3900000,22.648,0
2021-11-19,77.94,78.29,76.17,3.3668874172185435,5151200,22.65,0
2021-11-22,76.17,76.61,76.08,3.369819481837842,3497600,22.657,0
2021-11-23,76.61,76.79,76.17,3.371415968239965,2198800,22.67,0
2021-11-24,76.61,77.5,76.61,3.4178610804851157,2124500,22.675,0
2021-11-25,77.5,78.12,77.23,3.4171075837742504,2175400,22.68,0
2021-11-26,77.59,78.65,77.5,3.4494927216585793,3015700,22.67,0
2021-11-29,77.76,77.85,77.23,3.41740894258753,2835900,22.678,0
2021-11-30,77.59,78.65,77.59,3.4195680916703393,3177100,22.69,0
2021-12-01,77.94,78.47,77.41,3.4159026798307477,1894500,22.688,0
2021-12-02,77.5,77.94,77.41,3.408630559225011,1254100,22.71,0
2021-12-03,77.59,77.94,75.99,3.3431588209414866,2900400,22.73,0
2021-12-06,76.17,76.7,75.55,3.3092422251423566,3168200,22.83,0
2021-12-07,75.99,76.61,75.64,3.327975673327541,1530000,23.02,0
2021-12-08,76.43,76.61,75.9,3.301690507152146,1294500,23.07,0
2021-12-09,76.08,77.14,75.9,3.3616928446771377,1449900,22.92,0
2021-12-10,76.61,77.05,75.99,3.3259355961705834,1485000,22.98,0
2021-12-13,76.43,76.88,76.17,3.323344191096634,1495700,23.025,0
2021-12-14,76.52,76.97,76.35,3.326659412404788,1671200,22.975,0
2021-12-15,76.52,76.79,76.43,3.3230434782608698,1214100,23.0,0
2021-12-16,76.43,76.7,76.17,3.330438558402084,1610300,23.03,0
2021-12-17,76.7,76.79,75.9,3.301435406698565,2660200,22.99,0
2021-12-20,76.17,76.43,75.81,3.3028720626631856,1807000,22.98,0
2021-12-21,75.99,76.17,75.73,3.3029483600837404,1192900,22.928,0
2021-12-22,75.9,76.35,75.55,3.298303754415035,1844400,22.933,0
2021-12-23,75.64,75.64,74.84,3.268133304291004,2147800,22.955,0
2021-12-24,75.02,76.17,75.02,3.3189542483660133,1148400,22.95,1
2021-12-27,76.17,76.52,75.9,3.3388791593695273,1138300,22.84,0
2021-12-28,76.35,76.35,75.46,3.3200350723366947,1544400,22.81,0
2021-12-29,75.73,75.81,75.37,3.304576308298664,945400,22.835,0
2021-12-30,75.55,75.81,75.37,3.3106923751095527,893100,22.82,0
2021-12-31,75.73,77.5,75.55,3.3613002415989457,2325100,22.765,0
2022-01-04,77.23,77.41,76.79,3.364293537787514,1885600,22.825,0
2022-01-05,76.88,77.05,76.17,3.3557489451476794,3124600,22.752,0
2022-01-06,76.26,76.26,75.55,3.3241045923972754,2848200,22.755,0
2022-01-07,75.55,75.81,75.28,3.317652231259617,2553900,22.745,0
2022-01-10,76.36,76.54,75.19,3.3224597751818385,2146400,22.685,0
2022-01-11,75.28,75.64,75.19,3.3209958140559594,1829000,22.695,0
2022-01-12,75.46,75.46,74.47,3.2967662349105646,2183600,22.698,0
2022-01-13,75.1,75.37,74.65,3.2967662349105646,1711600,22.698,0
2022-01-14,74.83,76.63,74.47,3.358432408630559,2516600,22.71,0
2022-01-17,76.54,76.54,74.65,3.287098194627917,2100400,22.71,0
2022-01-18,74.65,75.19,74.38,3.305457746478873,2100400,22.72,0
2022-01-19,74.65,75.19,74.47,3.301098901098901,1764900,22.75,0
2022-01-20,74.74,75.01,74.65,3.292511013215859,1488400,22.7,-1
2022-01-21,74.74,75.01,74.29,3.284610289247074,1576400,22.645,0
2022-01-24,74.38,74.47,72.94,3.223867403314917,2222200,22.625,0
2022-01-25,72.49,72.94,71.22,3.1448732083792725,3758600,22.675,0
2022-01-26,71.4,72.49,71.4,3.1714538223596995,1452100,22.63,0
2022-01-27,72.13,75.1,72.13,3.3066725585505967,2039000,22.63,0
2022-01-28,74.74,75.82,74.56,3.3066725585505967,2257400,22.63,0
2022-02-07,74.92,75.64,74.65,3.320379774784721,1324200,22.645,1
2022-02-08,75.1,75.19,73.84,3.2578866093095082,2708900,22.665,0
2022-02-09,73.84,75.37,73.84,3.282412502751486,1799300,22.715,0
2022-02-10,74.56,75.01,74.11,3.2835097001763667,1612500,22.68,0
2022-02-11,74.29,74.38,73.75,3.2557319223985894,1624600,22.68,0
2022-02-14,73.39,73.84,72.94,3.219307912717655,2971800,22.685,0
2022-02-15,73.03,73.39,72.94,3.2176017601760174,1465300,22.725,-1
2022-02-16,73.12,73.21,72.31,3.1824175824175827,2825100,22.75,0
2022-02-17,72.49,73.12,72.4,3.1982417582417586,1787700,22.75,0
2022-02-18,72.13,72.76,72.13,3.1854290103138028,1808100,22.785,0
2022-02-21,72.85,73.48,72.85,3.1963190184049077,1280600,22.82,0
2022-02-22,72.85,72.94,71.77,3.159649122807018,3204500,22.8,0
2022-02-23,72.04,72.49,71.86,3.1575717729563886,2200300,22.815,0
2022-02-24,72.04,72.04,70.68,3.100547645125958,2723500,22.825,0
2022-02-25,71.13,71.59,71.04,3.110332749562172,1347700,22.84,0
2022-02-28,71.04,71.13,70.05,3.0933391761612623,2258900,22.82,0
2022-03-01,70.59,71.5,70.41,3.126945845209384,1273100,22.805,0
2022-03-02,71.31,71.31,70.23,3.0979618671926366,2037100,22.815,0
2022-03-03,70.86,71.13,70.41,3.090630472854641,1486600,22.84,0
2022-03-04,70.59,70.59,70.05,3.071600613093935,2511600,22.835,0
2022-03-07,70.14,70.14,69.06,3.0289093298291725,3530800,22.83,0
2022-03-08,68.7,68.88,68.43,2.999343401181878,2383000,22.845,0
2022-03-09,68.43,69.15,67.53,2.9599474720945507,3003700,22.845,0
2022-03-10,68.43,70.14,68.43,3.040070067878257,2971800,22.835,0
2022-03-11,69.51,70.68,69.42,3.0755419312458945,2322900,22.835,0
2022-03-14,70.23,70.23,69.24,3.038954225506055,1654700,22.873,0
2022-03-15,69.33,69.78,68.7,3.0366972477064222,1482600,22.89,1
2022-03-16,69.51,70.23,69.33,3.0419580419580416,1850400,22.88,0
2022-03-17,69.87,70.05,68.79,3.0066873552165743,1354400,22.879,0
2022-03-18,68.97,69.33,68.43,2.9927837305926093,4233000,22.865,0
2022-03-21,68.43,70.14,68.43,3.056430446194226,1884100,22.86,0
2022-03-22,70.14,70.14,69.15,3.028871391076115,2390200,22.86,0
2022-03-23,69.15,69.33,68.34,2.9960647135986003,3226000,22.87,0
2022-03-24,68.43,68.52,67.71,2.9761280167890867,3389800,22.872,0
2022-03-25,68.07,68.25,67.62,2.9607765971402333,2699500,22.869,0
2022-03-28,67.8,68.07,66.09,2.8909496522461837,4038700,22.861,-1
2022-03-29,66.18,67.98,66.18,2.973753280839895,2139300,22.86,0
2022-03-30,67.98,68.97,67.62,3.0006560244915814,3413800,22.865,1
2022-03-31,68.61,72.94,68.43,3.1876257985473,9645800,22.854,0
2022-04-01,72.94,74.47,72.31,3.22138541028111,6112000,22.838,0
2022-04-04,73.84,74.29,73.39,3.2412313351140694,3808700,22.837,0
2022-04-05,73.66,73.66,72.4,3.1690449093933295,2202100,22.846,0
2022-04-06,72.04,73.12,71.22,3.12158440082193,4306700,22.873,0
2022-04-07,71.95,72.04,70.68,3.0910522172658097,1760300,22.866,0
2022-04-08,70.68,71.22,69.6,3.0447526138501244,2738300,22.859,0
2022-04-12,69.6,70.05,68.88,3.0249343832021,1776300,22.86,0
2022-04-13,69.15,70.68,69.06,3.0369626004893395,2118800,22.888,0
2022-04-14,69.78,70.23,68.7,3.0017040241184954,1810200,22.887,-1
2022-04-15,68.88,69.87,68.43,3.007860262008734,1362400,22.9,0
2022-04-18,68.88,70.14,68.79,3.027643128520896,2564300,22.899,0
2022-04-19,69.42,69.96,68.43,2.9895150720838797,1670200,22.89,0
2022-04-20,68.43,69.06,68.07,2.965367022435199,1931100,22.955,0
2022-04-21,67.8,68.88,67.53,2.9409459106349622,4615600,22.962,0
2022-04-22,68.16,68.88,67.98,2.976221583485759,2800400,22.962,0
2022-04-25,68.43,68.7,65.73,2.881776616590464,2659800,22.965,0
2022-04-26,66.18,68.43,63.84,2.973502153765827,3883000,22.983,0
2022-04-27,67.71,68.25,66.36,2.939921636917719,1826000,22.97,0
2022-04-28,67.44,67.44,66.45,2.913128674069236,1911000,22.965,0
2022-04-29,66.99,67.53,66.63,2.910350235232619,1630100,22.956,0
2022-05-04,66.81,66.99,65.28,2.8429579304938595,1763900,22.962,0
2022-05-05,65.91,65.91,64.38,2.826787424888966,1548200,22.966,0
2022-05-06,64.29,64.47,62.58,2.753648442605097,2109800,22.955,0
2022-05-09,63.21,64.38,62.67,2.7458070137225006,2392100,22.955,0
2022-05-10,63.03,64.74,63.03,2.7699346405228757,3106500,22.95,0
2022-05-11,63.57,64.02,62.58,2.7278671374395187,1793700,22.941,0
2022-05-12,62.85,62.85,59.88,2.597830802603037,3189100,23.05,0
2022-05-13,60.33,61.05,59.34,2.5770696224454452,4590600,23.096,0
2022-05-16,59.97,60.87,59.16,2.566490513731266,1977800,23.086,0
2022-05-17,59.07,63.03,58.71,2.72916215631089,2105100,23.095,0
2022-05-18,63.03,63.48,62.58,2.737889273356401,1983200,23.12,0
2022-05-19,62.58,63.03,62.13,2.685077142486711,1449400,23.139,0
2022-05-20,62.13,62.94,61.23,2.6499567847882455,1296200,23.14,0
2022-05-23,61.68,61.86,59.61,2.5777202072538863,2022200,23.16,0
2022-05-24,60.06,62.04,59.88,2.677600345274061,2033000,23.17,1
2022-05-25,62.04,65.1,62.04,2.789314950452391,2362100,23.21,0
2022-05-26,64.74,64.74,63.66,2.7684346701164295,1530800,23.19,0
2022-05-27,64.2,66.0,63.66,2.8325791855203626,3456900,23.205,0
2022-05-30,65.64,65.64,64.83,2.8143996550980814,2124400,23.195,0
2022-05-31,64.92,65.19,64.56,2.7856403175699,2058700,23.176,0
2022-06-01,64.38,65.37,64.2,2.792322622385163,1229600,23.185,0
2022-06-02,64.83,64.83,63.75,2.7599586135540606,1487800,23.196,0
2022-06-03,63.93,64.2,63.03,2.729271763031949,1052800,23.193,0
2022-06-06,63.21,64.11,63.03,2.7493854314917843,1432000,23.187,0
2022-06-07,63.3,63.66,63.03,2.7424503882657465,1322200,23.18,0
2022-06-08,63.66,64.29,63.66,2.7573862411041623,1698600,23.185,0
2022-06-09,63.93,64.02,63.21,2.7260965196015006,1045100,23.187,0
2022-06-10,63.03,63.21,62.58,2.702656013819909,1483300,23.155,0
2022-06-13,61.59,61.59,59.61,2.579712646157829,2379700,23.177,-1
2022-06-14,58.98,60.78,58.89,2.566070273765898,1393200,23.195,0
2022-06-15,59.52,59.88,58.08,2.502369668246445,2680600,23.21,0
2022-06-16,58.62,61.5,58.53,2.635815755488592,2215500,23.23,0
2022-06-17,60.24,61.77,58.71,2.585227272727273,2502800,23.232,0
2022-06-20,59.79,62.76,59.79,2.675710594315246,2588200,23.22,0
2022-06-21,62.31,66.45,61.95,2.8566508824795522,4839300,23.23,1
2022-06-22,65.82,66.09,63.57,2.737018858176182,2214000,23.226,0
2022-06-23,63.57,64.83,63.03,2.7398321497740477,1103100,23.235,0
2022-06-24,63.93,65.64,63.84,2.7697470314919976,1684400,23.244,0
2022-06-27,64.65,64.92,63.3,2.7539037295134854,1804300,23.247,0
2022-06-28,63.57,65.46,63.12,2.7425252742525275,3037200,23.245,0
2022-06-29,63.57,65.46,63.57,2.7993979789292625,1941000,23.255,0
2022-06-30,65.1,67.35,65.01,2.794326241134752,3582600,23.265,0
2022-07-01,65.1,66.54,64.83,2.8535798752956354,2859000,23.255,0
2022-07-04,66.63,68.25,66.45,2.902145922746781,3139300,23.3,0
2022-07-05,67.8,67.89,65.73,2.8206556674523244,2590800,23.335,0
2022-07-06,66.15,66.61,64.75,2.819777397260274,2360100,23.36,0
2022-07-07,65.87,68.01,65.22,2.9097676806571684,3049600,23.373,0
2022-07-08,68.01,68.29,67.54,2.9126338329764456,1704200,23.35,0
2022-07-11,67.27,69.59,67.08,2.912010276172126,2556900,23.355,0
2022-07-12,68.01,68.85,67.64,2.925001070801388,976100,23.347,0
2022-07-13,68.2,68.57,67.45,2.887682243789816,1423500,23.389,0
2022-07-14,67.36,68.2,67.27,2.883957585086369,982300,23.388,0
2022-07-15,67.45,68.01,66.71,2.849028400597907,1475000,23.415,0
2022-07-18,67.08,67.27,66.61,2.8486140724946694,1106700,23.45,0
2022-07-19,67.08,67.92,66.71,2.8933447098976104,1530100,23.44,0
2022-07-20,68.2,68.57,67.82,2.904920553562276,1167800,23.412,0
2022-07-21,67.54,68.57,67.27,2.913284920973943,1720500,23.41,0
2022-07-22,68.2,68.2,67.08,2.8654421187526697,712300,23.41,-1
2022-07-25,67.08,67.92,66.89,2.902564102564103,1242600,23.4,0
2022-07-26,67.92,68.01,66.89,2.8685054522129567,1154000,23.385,0
2022-07-27,67.08,67.64,66.89,2.878476679503637,789500,23.37,0
2022-07-28,67.54,67.82,67.36,2.8936898395721924,1219400,23.375,0
2022-07-29,67.73,68.57,67.45,2.903502012158575,2582800,23.358,0
2022-08-01,67.82,68.48,67.27,2.934647525176773,2527600,23.335,0
2022-08-02,68.38,69.13,67.73,2.927852708199529,2600900,23.355,0
2022-08-03,67.82,68.48,67.54,2.9281034556588015,3134700,23.353,0
2022-08-04,68.38,68.38,67.82,2.9191245618534674,1720600,23.394,0
2022-08-05,68.29,68.38,67.64,2.8914632582396442,2135400,23.393,0
2022-08-08,67.54,67.54,67.17,2.876630318580286,2795800,23.385,0
2022-08-09,67.27,67.45,67.08,2.8681375064135453,2129800,23.388,0
2022-08-10,67.08,67.64,67.08,2.8881761813128075,1544800,23.385,0
2022-08-11,67.64,67.64,65.87,2.8325849903784475,3884600,23.385,0
2022-08-12,66.15,66.99,66.15,2.8640444634459166,1796100,23.39,0
2022-08-15,67.08,67.08,66.43,2.8475547195622437,2525800,23.392,0
2022-08-16,66.89,67.45,66.8,2.8585470085470086,1688300,23.4,0
2022-08-17,66.89,67.64,66.8,2.890227748579242,1316400,23.403,0
2022-08-18,67.64,68.57,67.64,2.9220973462672535,4230600,23.401,0
2022-08-19,68.38,69.41,67.92,2.9503012691765313,5225600,23.401,1
2022-08-22,69.04,69.69,68.66,2.9341880341880344,2071700,23.4,0
2022-08-23,68.66,70.71,68.57,3.0166595472020505,4551200,23.41,0
2022-08-24,70.62,72.95,70.62,3.089628681177977,5443600,23.43,0
2022-08-25,72.58,72.95,71.74,3.0983991462113125,2182100,23.425,0
2022-08-26,72.48,72.76,70.99,3.058532211928447,2463000,23.423,0
2022-08-29,70.9,71.08,70.25,3.004442166410388,3311500,23.412,0
2022-08-30,70.34,71.18,70.34,3.022193768672642,2234900,23.43,0
2022-08-31,70.71,71.18,70.34,3.004057228272475,1657100,23.415,0
2022-09-05,70.34,72.48,70.34,3.078891257995736,3169400,23.45,0
2022-09-06,72.2,73.6,72.02,3.0835992342054883,2649000,23.505,0
2022-09-07,72.48,72.48,70.53,2.9987244897959187,2916400,23.52,0
2022-09-08,70.81,71.27,70.06,2.9910941475826975,1351100,23.58,-1
2022-09-09,70.71,71.27,70.34,3.0035680910712763,1188500,23.542,0
2022-09-12,70.81,70.99,70.15,2.9832022113544547,1391890,23.515,0
2022-09-13,70.06,70.81,70.06,2.9987244897959187,1561638,23.52,0
2022-09-14,69.78,69.87,68.76,2.9270156667940386,2040943,23.553,0
2022-09-15,69.04,70.06,69.04,2.942348452734209,1210034,23.59,0
2022-09-16,69.59,70.81,69.31,2.997883149872989,2310120,23.62,0
2022-09-19,70.43,70.53,69.78,2.962367864693446,1419408,23.65,0
2022-09-20,70.15,70.99,70.15,2.983523447401774,1140495,23.67,0
2022-09-21,70.53,72.3,70.43,3.0266159695817487,2480307,23.67,0
2022-09-22,71.36,71.83,70.81,3.0240607851414096,1034545,23.69,0
2022-09-23,71.74,72.02,71.27,3.015189873417721,1399756,23.7,0
2022-09-26,70.62,70.99,68.66,2.908860759493671,3387326,23.7,0
2022-09-27,69.41,69.78,67.36,2.8441914400168673,2416742,23.715,0
2022-09-28,67.08,68.01,66.05,2.818794774546987,2146817,23.73,0
2022-09-29,67.92,68.48,67.27,2.8541930046354826,2034120,23.73,0
2022-09-30,66.99,68.29,66.99,2.8278757346767422,2346199,23.82,0
2022-10-03,66.99,67.54,66.15,2.773003563194299,2040145,23.855,0
2022-10-04,66.89,66.89,65.22,2.7659128978224454,1632502,23.88,0
2022-10-05,66.15,67.08,66.15,2.79413612565445,1494257,23.875,0
2022-10-06,66.43,66.52,65.22,2.732872407291012,1503513,23.865,0
2022-10-07,64.56,66.43,61.95,2.724340175953079,2686766,23.87,0
2022-10-10,63.82,66.61,62.79,2.7509947643979062,1663239,23.875,0
2022-10-11,65.68,66.61,64.84,2.7398408043569336,1719285,23.87,0
2022-10-12,65.68,66.8,65.31,2.7882967607105535,1274959,23.925,0
2022-10-13,66.15,68.76,65.96,2.8715807057840887,3172239,23.945,0
2022-10-14,68.94,69.41,68.66,2.8582089552238803,1437871,24.12,1
2022-10-17,68.76,69.97,68.66,2.863542098714227,1681156,24.11,0
2022-10-18,69.87,71.74,69.59,2.9317153434800494,3138948,24.31,0
2022-10-19,70.9,71.55,70.9,2.9209987720016373,1038904,24.43,0
2022-10-20,71.36,72.2,70.62,2.9529652351738243,2291524,24.45,0
2022-10-21,72.2,73.04,71.27,2.9245821443130855,2098990,24.53,0
2022-10-24,71.92,71.92,68.94,2.7775987107171636,1579414,24.82,0
2022-10-25,69.04,71.55,69.04,2.8517921868707212,1658734,24.83,0
2022-10-26,70.81,71.18,70.43,2.850644122383253,825157,24.84,0
2022-10-27,70.81,73.13,70.81,2.9452275473217884,2285350,24.83,0
2022-10-28,73.13,73.23,72.39,2.9267015706806285,1440253,24.83,0
2022-10-31,72.39,73.13,72.02,2.9464141821112,1573511,24.82,0
2022-11-01,73.13,76.86,73.13,3.0080515297906603,3182949,24.84,0
2022-11-02,74.72,74.81,72.95,2.9356136820925554,1831325,24.85,0
2022-11-03,72.67,75.18,72.67,3.001006643849406,1279244,24.835,0
2022-11-04,74.44,75.46,72.67,2.99798873692679,2910873,24.86,0
2022-11-07,74.63,76.58,74.53,3.0792119018898267,2640530,24.87,0
2022-11-08,76.58,76.77,74.16,3.0868516284680334,2303484,24.87,0
2022-11-09,76.4,76.58,74.53,3.0304370552048576,2702165,24.871,0
2022-11-10,75.37,75.46,71.74,2.9378167484514526,2639743,24.862,0
2022-11-11,73.51,74.9,73.04,2.9374622964005637,1565416,24.865,0
2022-11-14,72.67,76.4,70.9,2.967143721023987,2597912,24.805,-1
2022-11-15,73.6,73.97,71.27,2.9003436426116838,2090963,24.735,0
2022-11-16,70.34,73.41,68.76,2.802745810619826,3544510,24.765,0
2022-11-17,71.55,72.95,69.97,2.858123107971746,2600851,24.775,0
2022-11-18,71.74,72.48,70.53,2.8921588389437614,2230809,24.805,0
2022-11-21,71.74,72.58,71.64,2.926612903225806,1788236,24.8,0
2022-11-22,72.2,74.72,72.11,2.982484397020334,2282682,24.835,0
2022-11-23,74.07,74.25,72.95,2.976659959758551,773770,24.85,0
2022-11-24,73.6,75.65,73.51,3.0450008050233457,2883664,24.844,1
2022-11-25,75.74,77.05,75.46,3.083799782547417,2597228,24.833,0
2022-11-28,76.4,77.7,76.12,3.074313408723748,2300555,24.76,0
2022-11-29,75.74,77.61,75.0,3.121921679450949,2405600,24.77,0
2022-11-30,77.33,77.33,75.93,3.116767676767677,1996463,24.75,0
2022-12-01,76.02,77.23,76.02,3.116930572472594,2218159,24.63,0
2022-12-02,76.67,78.26,76.4,3.1942857142857144,2523394,24.5,0
2022-12-05,78.35,79.75,78.35,3.252156057494866,2067794,24.35,0
2022-12-06,79.19,79.28,76.86,3.2051709758131777,1396651,23.98,0
2022-12-07,77.33,78.54,76.21,3.2051709758131777,1840655,23.98,0
2022-12-08,77.33,78.26,75.46,3.1573221757322174,1597948,23.9,0
2022-12-09,75.46,76.21,74.53,3.1341463414634148,2409728,23.78,0
2022-12-12,74.81,76.3,73.04,3.1053078556263265,3144784,23.55,0
2022-12-13,73.23,73.97,71.92,3.0688344594594597,3611310,23.68,-1
2022-12-14,73.97,73.97,72.2,3.059322033898305,3523110,23.6,0
2022-12-15,72.2,73.79,72.02,3.0739795918367347,2596282,23.52,0
2022-12-16,72.39,73.41,72.3,3.092340425531915,3003287,23.5,0
2022-12-19,73.13,73.13,71.74,3.0424088210347753,2425078,23.58,0
2022-12-20,72.02,74.25,71.64,3.093670886075949,3031345,23.7,0
2022-12-21,74.25,75.09,74.07,3.1289506953223767,2306984,23.73,0
2022-12-22,75.2,75.39,73.02,3.081012658227848,1588107,23.7,0
2022-12-23,73.12,74.16,72.26,3.05797714769361,1562595,23.63,0
2022-12-26,72.45,73.59,71.98,3.0589983022071308,1658620,23.56,0
2022-12-27,72.83,73.97,72.07,3.0792708774904622,1587728,23.59,0
2022-12-28,72.74,73.97,72.64,3.0966921119592876,1189135,23.58,0
2022-12-29,73.4,74.16,73.02,3.091447925486875,1330412,23.62,0
2022-12-30,73.97,73.97,72.17,3.058050847457627,1199657,23.6,0
2023-01-03,72.55,74.44,72.26,3.152901313002965,1496887,23.61,0
2023-01-04,74.63,75.2,74.54,3.1979587497342123,1090697,23.515,1
2023-01-05,75.2,77.2,74.92,3.275627392598894,2471156,23.51,0
2023-01-06,76.82,77.01,75.49,3.2238551650692227,1270661,23.475,0
2023-01-09,75.77,76.53,75.49,3.262148337595908,949900,23.46,0
2023-01-10,76.72,77.29,76.44,3.2763253294664563,1196828,23.447,0
2023-01-11,76.82,77.38,75.3,3.2117722328854765,1535421,23.445,0
2023-01-12,75.77,76.06,75.2,3.236774744027304,685545,23.44,0
2023-01-13,76.06,76.91,75.96,3.261370424097619,1449667,23.438,0
2023-01-16,76.44,76.63,75.3,3.2131427352250905,655271,23.435,0
2023-01-17,76.06,76.82,75.3,3.273875565417769,1672065,23.434,0
2023-01-18,76.72,77.29,76.53,3.2910744013317963,1299292,23.427,0
2023-01-19,76.63,77.29,75.87,3.2896701796304986,2628489,23.437,0
2023-01-27,77.2,77.67,75.49,3.236774744027304,2333482,23.44,0
2023-01-30,75.87,75.87,75.3,3.209718670076726,1614712,23.46,-1
2023-01-31,75.11,75.39,72.93,3.1154665530464425,4819134,23.47,0
2023-02-01,73.69,73.78,72.93,3.1226274258903812,1811677,23.445,0
2023-02-02,73.4,73.5,72.74,3.1032423208191124,1494960,23.44,0
2023-02-03,73.02,73.12,71.98,3.0734786131604754,1857505,23.449,0
2023-02-06,71.98,73.5,71.98,3.1313993174061436,1911471,23.44,0
2023-02-07,73.59,73.59,72.17,3.073679727427598,1275373,23.48,0
2023-02-08,72.26,72.64,71.79,3.0457627118644064,1551091,23.6,0
2023-02-09,71.88,72.07,71.13,3.015260703688003,1594747,23.59,0
2023-02-10,71.13,71.98,71.13,3.055178268251274,1236884,23.56,0
2023-02-13,71.98,71.98,70.27,3.0303416083174195,1570936,23.565,0
2023-02-14,71.41,71.79,70.56,3.002331002331003,1074782,23.595,0
2023-02-15,70.84,72.07,70.56,3.0538135593220335,1444301,23.6,0
2023-02-16,72.07,72.55,71.69,3.0721998729621003,692037,23.615,0
2023-02-17,72.17,72.45,71.41,3.0434966216216215,777880,23.68,0
2023-02-20,72.07,73.5,71.6,3.0869382612347755,1386188,23.81,0
2023-02-21,73.5,73.59,72.74,3.0857744994731293,889193,23.725,0
2023-02-22,72.36,72.74,71.6,3.02045981860367,1296443,23.705,0
2023-02-23,71.6,72.93,70.56,3.0189234650967203,2328809,23.78,0
2023-02-24,71.79,72.07,70.65,2.97459584295612,1681692,23.815,0
2023-02-27,70.84,71.98,70.18,2.999158957106812,1113616,23.78,0
2023-02-28,71.6,71.98,71.22,3.00777147658055,1035315,23.805,0
2023-03-01,71.22,73.02,71.13,3.0720303285593937,1636044,23.74,1
2023-03-02,72.93,72.93,72.17,3.0598903416280048,1089291,23.71,0
2023-03-03,71.13,72.83,71.13,3.040928270042194,704604,23.7,0
2023-03-06,72.07,72.64,71.13,2.9999999999999996,892543,23.71,0
2023-03-07,71.98,72.26,71.6,3.039323467230444,1171596,23.65,0
2023-03-08,71.32,72.55,71.13,3.068950930626057,1245092,23.64,0
2023-03-09,72.26,73.12,72.26,3.0598903416280048,1390428,23.71,0
2023-03-10,72.55,73.21,72.17,3.0798141891891895,1428506,23.68,0
2023-03-13,72.83,73.12,72.64,3.0824175824175826,1825388,23.66,0
2023-03-14,72.36,72.93,71.69,3.081883750530335,1735682,23.57,0
2023-03-15,72.64,73.31,72.55,3.1022486211285534,1960620,23.57,0
2023-03-16,73.02,73.12,71.98,3.0744748567791214,1530353,23.565,0
2023-03-17,72.45,72.45,70.65,2.998726655348048,2433870,23.56,0
2023-03-20,71.13,71.13,70.27,2.989393296563428,1610450,23.57,-1
2023-03-21,70.56,71.22,70.37,2.993635977938057,1351452,23.57,0
2023-03-22,70.75,70.84,70.56,2.993635977938057,901008,23.57,0
2023-03-23,70.46,71.41,70.18,3.0374308804763928,1285502,23.51,0
2023-03-24,71.13,71.6,70.94,3.028097062579821,932820,23.49,0
2023-03-27,71.13,71.13,70.46,3.009357720119098,1371841,23.51,0
2023-03-28,70.65,71.41,70.56,3.002553191489362,1650696,23.5,0
2023-03-29,70.84,71.03,70.56,3.025127768313458,907785,23.48,0
2023-03-30,70.84,71.5,70.75,3.0293867120954,839461,23.48,1
2023-03-31,71.13,71.5,70.56,3.006391137622497,1076689,23.47,0
2023-04-03,70.75,71.03,70.37,3.008955223880597,851274,23.45,0
2023-04-04,70.56,70.65,70.37,2.9982956966340013,1819637,23.47,-1
2023-04-05,70.37,70.94,70.27,3.0115089514066495,964016,23.46,1
2023-04-06,70.56,70.75,70.46,3.002770083102493,906247,23.465,0
2023-04-07,70.56,70.84,70.46,3.020766705044561,795228,23.451,0
2023-04-10,70.84,70.84,70.56,3.0099820834399797,833066,23.442,0
2023-04-11,70.46,70.65,70.27,3.0099820834399797,783565,23.442,0
2023-04-12,70.56,70.56,70.18,3.005331627212625,979996,23.445,0
2023-04-13,70.46,70.56,69.7,2.973295793874243,891570,23.442,-1
2023-04-14,69.8,69.89,69.04,2.945392491467577,1294816,23.44,0
2023-04-17,69.04,69.13,68.0,2.9010238907849826,1366872,23.44,0
2023-04-18,68.09,69.23,68.09,2.9478390461997024,932467,23.485,0
2023-04-19,69.32,69.32,68.28,2.904913848117422,817480,23.505,0
2023-04-20,68.38,68.85,68.09,2.9003445195865765,822994,23.511,0
2023-04-21,68.28,68.28,67.14,2.8627384196185286,1109508,23.488,0
2023-04-24,67.33,67.43,66.57,2.8469235682350438,1135168,23.485,0
2023-04-25,66.86,67.71,66.19,2.821571465054908,1371733,23.494,0
2023-04-26,66.38,67.33,66.38,2.868401993780088,942125,23.473,0
2023-04-27,67.33,67.33,65.91,2.8088642659279777,1370570,23.465,0
2023-04-28,66.19,66.57,66.1,2.8313073149925354,1117094,23.445,0
2023-05-04,66.38,66.38,64.87,2.774413646055437,2659616,23.45,0
2023-05-05,65.06,65.63,65.06,2.783109404990403,712871,23.445,0
2023-05-08,65.44,66.76,65.44,2.848122866894198,1228760,23.44,0
2023-05-09,67.14,67.33,66.86,2.860128823102845,872498,23.443,0
2023-05-10,67.14,67.43,66.86,2.8499573742540494,952494,23.46,1
2023-05-11,66.86,67.24,66.38,2.8288940975921584,447884,23.465,0
2023-05-12,66.76,66.76,65.91,2.812699765608353,1214899,23.465,0
2023-05-15,66.29,66.29,65.44,2.7906183368869937,1539719,23.45,0
2023-05-16,65.44,66.1,65.44,2.8185229404741596,1381060,23.452,0
2023-05-17,66.1,66.1,65.25,2.7906183368869937,1869705,23.45,0
2023-05-18,65.44,66.38,64.96,2.798720682302772,2498777,23.45,0
2023-05-19,65.81,65.91,65.06,2.774413646055437,1204484,23.45,0
2023-05-22,65.15,65.44,64.68,2.7570332480818416,1699621,23.46,0
2023-05-23,64.49,64.87,63.54,2.7109821657137982,2940962,23.438,-1
2023-05-24,63.63,63.92,62.69,2.6791648913506605,2354186,23.47,0
2023-05-25,62.78,64.01,62.59,2.7111205794631448,1306722,23.47,0
2023-05-26,63.92,64.49,63.63,2.7111205794631448,906227,23.47,0
2023-05-29,63.82,64.2,63.63,2.7105431309904153,1044750,23.475,0
2023-05-30,63.63,63.92,63.06,2.6874067760494356,1772267,23.465,0
2023-05-31,63.35,63.35,62.69,2.6699318568994888,1468744,23.48,0
2023-06-01,62.69,63.06,62.59,2.669363423461784,1217050,23.485,0
2023-06-02,62.78,62.88,62.12,2.661273153076432,2972493,23.485,0
2023-06-05,63.06,63.73,62.78,2.686261980830671,3326155,23.475,0
2023-06-06,63.44,63.44,62.59,2.6801447116407746,3425841,23.495,1
2023-06-07,63.06,63.25,62.59,2.673195656802214,3720457,23.485,0
2023-06-08,63.06,63.06,62.12,2.645092612305727,5040797,23.485,0
2023-06-09,62.21,63.06,62.12,2.656449553001277,2081714,23.49,0
2023-06-12,62.59,64.49,62.59,2.7435023434171284,5452337,23.47,0
2023-06-13,64.58,64.77,64.01,2.730408858603066,4946444,23.48,0
2023-06-14,64.2,64.68,63.63,2.7082357948499682,4911944,23.495,0
2023-06-15,63.82,63.92,62.78,2.675744680851064,4689964,23.5,0
2023-06-16,63.06,63.16,62.59,2.6648246546227417,5994312,23.525,0
2023-06-19,62.88,63.16,62.21,2.6530612244897958,3284579,23.52,0
2023-06-20,62.5,62.5,62.12,2.641156462585034,2964627,23.52,0
2023-06-21,62.21,62.88,62.12,2.673469387755102,3492784,23.52,0
2023-06-22,63.06,63.82,62.88,2.699000212720698,5613113,23.505,0
2023-06-23,63.54,65.91,63.54,2.7867318732723794,11963164,23.515,0
2023-06-26,65.72,67.05,64.77,2.847118860301935,10742723,23.515,0
2023-06-27,67.14,67.14,66.0,2.8414789630259243,5982210,23.53,0
2023-06-28,66.86,67.24,66.1,2.846513605442177,6157222,23.52,0
2023-06-29,66.95,68.66,66.48,2.8949267671407344,7702292,23.555,0
2023-06-30,68.19,68.28,67.14,2.8567185710042855,3646759,23.569,0
2023-07-03,67.43,67.71,66.67,2.8441145281018025,3187816,23.575,0
2023-07-04,66.86,67.52,66.48,2.8254906098332984,4783357,23.695,0
2023-07-05,67.14,67.14,66.0,2.792827004219409,6661035,23.7,0
2023-07-06,66.29,67.05,66.19,2.815750684354601,7632376,23.745,0
2023-07-07,67.05,67.52,66.76,2.8359342049768026,5782449,23.71,0
2023-07-10,67.71,68.94,67.52,2.893166913475777,6174583,23.635,0
2023-07-11,68.38,69.61,68.0,2.920473773265652,5705271,23.64,0
2023-07-12,69.13,69.7,68.85,2.9421696918531026,4197529,23.69,0
2023-07-13,69.61,69.99,69.13,2.9298393913778527,3785836,23.66,0
2023-07-14,69.42,69.61,68.38,2.9372491020494405,5211888,23.665,0
2023-07-17,69.23,69.8,68.47,2.901819720694033,3924388,23.63,0
2023-07-18,68.75,68.85,68.47,2.90562843842573,2931448,23.63,0
2023-07-19,68.75,69.23,68.66,2.9130526761159294,2946641,23.635,0
2023-07-20,68.85,69.04,68.57,2.9136690647482015,2601742,23.63,0
2023-07-21,68.85,69.7,68.75,2.9475197699496767,3343300,23.647,0
2023-07-24,69.7,70.18,69.51,2.9506256340886035,2537340,23.656,0
2023-07-25,69.8,70.84,69.32,2.985421508556941,4249028,23.665,0
2023-07-26,70.56,71.32,70.46,3.0069752694990486,3191917,23.655,0
2023-07-27,71.13,71.88,70.94,3.0335939150644413,4180261,23.665,0
2023-07-28,71.88,73.69,71.69,3.102151219306031,5476424,23.661,0
2023-07-31,73.31,74.35,73.21,3.1230736753219337,3366889,23.685,0
2023-08-01,73.97,73.97,72.07,3.0434966216216215,5735402,23.68,0
2023-08-02,72.07,72.55,71.41,3.0477195945945947,2680830,23.68,0
2023-08-03,72.61,72.61,71.14,2.9972614282704866,2921459,23.735,0
2023-08-04,71.04,71.53,70.55,3.011789473684211,3167057,23.75,-1
2023-08-07,71.43,73.39,70.85,3.0933614330874604,4320043,23.725,1
2023-08-08,73.2,73.39,72.41,3.0775716694772344,3433019,23.72,0
2023-08-09,73.0,73.0,71.34,3.0185419300463545,3707004,23.73,-1
2023-08-10,71.63,72.51,71.43,3.0179060459237412,2734314,23.735,0
2023-08-11,71.63,72.02,70.94,3.033698399326032,2182946,23.74,0
2023-08-14,71.92,72.02,71.04,3.0282105263157897,3068103,23.75,0
2023-08-15,71.43,71.92,71.24,2.9955910140667648,2221214,23.815,0
2023-08-16,71.34,72.02,71.04,2.9889422073857705,2085184,23.965,0
2023-08-17,71.63,73.0,71.43,3.0131606434092335,4583142,23.935,0
2023-08-18,72.02,73.3,70.65,3.011740041928721,7109124,23.85,0
2023-08-21,71.24,72.32,71.24,2.9949685534591195,3057188,23.85,0
2023-08-22,71.73,71.73,69.67,2.987002096436058,3077286,23.85,0
2023-08-23,70.94,72.12,70.16,3.0197064989517814,3074249,23.85,0
2023-08-24,72.02,73.39,71.53,3.062761506276151,4422381,23.9,0
2023-08-25,73.79,73.79,72.81,3.07071129707113,2753310,23.9,0
2023-08-28,73.49,76.53,73.49,3.183733055265902,5471972,23.975,1
2023-08-29,75.94,76.04,74.67,3.1495016611295683,4202862,24.08,0
2023-08-30,75.45,76.92,74.96,3.153019023986766,2662115,24.18,0
2023-08-31,75.94,77.31,75.55,3.1621733720447947,3838621,24.11,0
2023-09-05,76.92,78.88,76.53,3.2622610141313384,6845824,24.06,0
2023-09-06,78.49,78.49,77.9,3.2594594594594595,2283065,24.05,0
2023-09-07,78.29,78.39,77.02,3.238411972562877,3529590,24.055,0
2023-09-08,77.61,78.49,77.51,3.2581047381546138,2776520,24.06,0
2023-09-11,78.39,79.47,76.04,3.238411972562877,4237647,24.055,0
2023-09-12,77.41,79.08,76.73,3.2685358255451713,2670725,24.075,0
2023-09-13,78.0,78.69,77.12,3.216182572614108,2508754,24.1,0
2023-09-14,76.92,78.39,76.82,3.2308970099667773,2484286,24.08,0
2023-09-15,77.8,79.57,77.41,3.2163501238645753,5618032,24.22,-1
2023-09-18,77.51,78.2,77.12,3.1880412371134024,1323228,24.25,0
2023-09-19,76.92,77.31,75.84,3.1723430447271235,2573801,24.37,0
2023-09-20,76.82,77.22,76.43,3.1485432909314732,1843700,24.37,0
2023-09-21,76.53,76.73,75.75,3.1491553358055215,2539608,24.27,0
2023-09-22,75.55,76.73,74.28,3.123817359111477,4246836,24.31,0
2023-09-25,75.65,76.92,75.16,3.1215106732348117,2757237,24.36,0
2023-09-26,76.04,76.43,74.47,3.0586546349466777,2535904,24.38,0
2023-09-27,74.77,75.06,73.3,3.0787530762920428,2274868,24.38,0
2023-09-28,74.57,74.86,73.3,3.0059462784498665,1890909,24.385,0
2023-09-29,73.49,74.86,72.71,2.981751076481443,1404507,24.385,0
2023-10-02,72.71,74.08,72.71,3.0510708401976934,1160811,24.28,0
2023-10-03,73.1,73.59,72.41,2.9790468364831555,1995033,24.34,0
2023-10-04,72.12,73.1,71.92,2.9895427516916135,1078838,24.385,0
2023-10-05,72.61,72.9,71.24,2.917280917280917,2574586,24.42,0
2023-10-06,71.24,72.71,71.14,2.9823625922887613,1228077,24.38,0
2023-10-09,72.51,72.61,72.12,2.964696223316913,832217,24.36,0
2023-10-10,72.81,73.49,72.51,2.991382847763644,1025137,24.37,0
2023-10-11,73.1,73.3,72.51,2.9889298892988934,1135163,24.39,0
2023-10-12,73.0,74.37,73.0,3.0270049099836336,2536450,24.44,0
2023-10-13,73.88,74.77,73.49,3.039901780233272,1488140,24.435,0
2023-10-16,73.59,74.28,73.2,3.015139116202946,1345442,24.44,1
2023-10-17,73.79,74.57,73.3,2.996729354047424,1423057,24.46,0
2023-10-18,73.3,73.3,70.94,2.9567170273581054,2574510,24.49,-1
2023-10-19,71.92,71.92,69.47,2.8491142333536956,3908340,24.555,0
2023-10-20,69.87,71.04,68.79,2.8859470468431767,2373599,24.55,0
2023-10-23,70.26,70.55,68.69,2.8054649265905387,2727972,24.52,0
2023-10-24,68.79,69.38,68.69,2.8015453436356244,1100884,24.59,0
2023-10-25,68.89,69.38,67.61,2.753971486761711,2427114,24.55,0
2023-10-26,67.12,67.22,64.58,2.6730456026058635,5207092,24.56,0
2023-10-27,65.95,66.63,65.26,2.7080962445130874,1812684,24.604,0
2023-10-30,66.53,66.63,65.75,2.6959706959706957,1048393,24.57,0
2023-10-31,66.53,68.1,66.24,2.7131688248228683,2185475,24.558,0
2023-11-01,67.61,69.08,66.53,2.8086319218241047,2338586,24.56,0
2023-11-02,69.08,69.47,68.4,2.825706731747,2391399,24.585,0
2023-11-03,69.47,69.47,68.4,2.7916157916157918,1694064,24.57,1
2023-11-06,68.79,70.06,68.69,2.8372756933115824,1138171,24.52,0
2023-11-07,69.08,69.38,68.4,2.851037600164372,1475825,24.335,0
2023-11-08,69.38,70.06,68.4,2.8778280542986425,2340935,24.31,0
2023-11-09,70.16,70.65,69.28,2.8428395568321707,3421983,24.37,0
2023-11-10,69.38,69.38,68.2,2.801972062448644,2835087,24.34,0
2023-11-13,68.3,68.59,67.22,2.7686613201727326,1733685,24.315,0
2023-11-14,67.61,68.0,66.83,2.7689594356261025,3000746,24.381,0
2023-11-15,68.59,70.36,68.59,2.8421398096488346,3952659,24.376,0
2023-11-16,69.18,69.87,68.49,2.836613686897801,2339920,24.286,0
2023-11-17,69.57,69.67,67.81,2.8240283267457182,2337926,24.288,0
2023-11-20,67.81,68.49,67.61,2.8004123711340205,1771341,24.25,0
2023-11-21,68.0,68.4,67.51,2.8175424079437317,2961268,24.17,0
2023-11-22,68.1,68.79,67.61,2.818068794032325,1303748,24.13,0
2023-11-23,68.4,68.49,67.32,2.7812435447221646,1624542,24.205,0
2023-11-24,67.22,67.51,66.24,2.7611386138613865,3131505,24.24,0
2023-11-27,66.93,67.02,66.53,2.7506183017312447,1335046,24.26,0
2023-11-28,66.73,67.12,66.14,2.770119686339249,1777650,24.23,0
2023-11-29,67.12,67.42,66.83,2.764851485148515,1263921,24.24,0
2023-11-30,67.02,67.32,66.04,2.722176422093982,2583323,24.26,-1
2023-12-01,66.63,67.12,66.34,2.7637113402061853,1393194,24.25,1
2023-12-04,67.12,68.1,67.02,2.777915121549238,3008642,24.27,0
2023-12-05,67.42,67.61,66.63,2.751752577319588,2304277,24.25,0
2023-12-06,66.73,67.22,66.73,2.766010055221298,1607662,24.266,0
2023-12-07,67.42,67.42,66.14,2.7609788250803327,3877491,24.274,0
2023-12-08,67.02,67.91,66.63,2.785169927909372,3730770,24.275,0
2023-12-11,69.08,69.08,68.49,2.83195706028076,4737231,24.22,0
2023-12-12,68.59,68.69,67.61,2.804123711340206,2791599,24.25,0
2023-12-13,68.2,68.3,66.73,2.754740313272877,4516351,24.26,0
2023-12-14,67.02,67.51,66.83,2.760410231063882,1463160,24.279,0
2023-12-15,67.12,67.22,66.73,2.7523200659929885,3741675,24.245,0
2023-12-18,66.73,66.83,65.65,2.706100577081616,3518371,24.26,-1
2023-12-19,65.75,66.04,64.97,2.696098562628337,3066185,24.35,0
2023-12-20,65.65,66.83,65.65,2.7404517453798767,2605917,24.35,0
2023-12-21,66.53,66.93,66.44,2.7302239572632008,2587654,24.335,0
2023-12-22,66.44,66.73,66.14,2.7236842105263155,2147607,24.32,0
2023-12-25,66.24,67.32,66.24,2.745203218485661,2675110,24.235,1
2023-12-26,66.93,67.12,66.63,2.749896822121337,1977559,24.23,0
2023-12-27,67.13,67.33,66.64,2.739568345323741,1628408,24.325,0
2023-12-28,66.64,67.62,66.64,2.777572396796057,2410778,24.345,0
2023-12-29,67.82,67.82,66.73,2.7534557458221585,1956751,24.235,0
2024-01-02,67.33,67.62,67.03,2.779472382522671,2144983,24.26,0
2024-01-03,67.52,68.12,67.13,2.8004110996916753,1891530,24.325,0
